web-scraper-order,web-scraper-start-url,char_link,char_link-href,rank,attack_lvl,attack_exp,def_lvl,def_exp,str_lvl,str_exp,hp_lvl,hp_exp,range_lvl,range_exp,prayer_lvl,prayer_exp,mage_lvl,mage_exp,cook_lvl,cook_exp,wc_lvl,wc_exp,fletch_lvl,fletch_exp,fish_lvl,fish_exp,fm_lvl,fm_exp,craft_lvl,craft_exp,smith_lvl,smith_exp,mining_lvl,mining_exp,herb_lvl,herb_exp,agile_lvl,agile_exp,thieving_lvl,thieving_exp,slayer_lvl,slayer_exp,farming_lvl,farming_exp,rc_lvl,rc_exp,hunt_lvl,hunt_exp,con_lvl,con_exp
"1606488091-37","https://secure.runescape.com/m=hiscore_oldschool_seasonal/overall?table=10&page=1","Coffee Robot","https://secure.runescape.com/m=hiscore_oldschool_seasonal/hiscorepersonal?user1=Coffee%A0Robot","41","99","104,897,418","99","102,343,442","99","113,006,192","99","125,676,239","99","19,709,519","99","27,919,680","99","23,033,909","99","17,618,963","99","25,175,292","99","31,765,463","99","13,157,592","99","17,209,926","99","14,077,010","99","21,681,076","99","17,835,184","99","18,789,409","99","20,408,009","99","25,662,165","99","61,166,187","99","26,957,017","99","19,719,285","99","29,944,964","99","15,411,658"
"1606487838-3","https://secure.runescape.com/m=hiscore_oldschool_seasonal/overall?table=10&page=2","lvl 6 Donger","https://secure.runescape.com/m=hiscore_oldschool_seasonal/hiscorepersonal?user1=lvl%A06%A0Donger","184","99","121,685,509","99","38,496,592","99","56,990,162","99","83,506,394","99","16,170,958","99","14,517,142","99","37,954,285","99","25,054,006","99","13,105,747","99","25,769,942","99","13,082,292","99","13,168,467","99","13,099,095","99","13,042,143","99","13,931,213","99","13,455,372","99","13,767,951","99","13,040,514","99","49,979,093","99","16,472,967","99","13,114,381","99","28,465,705","99","13,054,700"
"1606488009-26","https://secure.runescape.com/m=hiscore_oldschool_seasonal/overall?table=10&page=1","ShadowLinky","https://secure.runescape.com/m=hiscore_oldschool_seasonal/hiscorepersonal?user1=ShadowLinky","11,006","99","25,149,876","97","10,923,742","99","20,008,422","99","44,936,580","99","23,806,982","70","812,497","99","45,657,195","89","4,856,476","92","6,903,877","99","26,787,185","90","5,387,149","67","554,940","99","13,235,513","99","15,862,421","96","10,270,748","83","2,950,081","81","2,291,693","91","6,506,363","89","5,151,785","80","2,167,059","83","2,734,691","81","2,227,958","75","1,273,976"
"1606487922-15","https://secure.runescape.com/m=hiscore_oldschool_seasonal/overall?table=10&page=2","Carl One","https://secure.runescape.com/m=hiscore_oldschool_seasonal/hiscorepersonal?user1=Carl%A0One","127","99","16,868,062","99","37,700,277","99","25,210,790","99","97,028,762","99","20,881,810","99","13,119,544","99","200,000,000","99","25,174,563","99","25,059,969","99","26,041,114","99","13,085,924","99","13,145,448","99","13,825,641","99","14,025,264","99","15,348,840","99","14,580,307","99","13,075,010","99","27,624,816","99","24,651,228","99","34,348,496","99","13,259,050","99","13,858,744","99","13,180,773"
"1606487929-16","https://secure.runescape.com/m=hiscore_oldschool_seasonal/overall?table=10&page=2","cryptozen","https://secure.runescape.com/m=hiscore_oldschool_seasonal/hiscorepersonal?user1=cryptozen","2,233","99","20,099,215","99","17,268,269","99","19,093,999","99","123,344,410","99","200,000,000","99","13,338,565","99","25,070,001","99","40,547,723","85","3,278,919","99","26,053,344","99","22,795,208","86","3,731,432","99","17,971,274","91","6,045,452","94","8,221,275","99","13,831,835","95","8,867,125","96","10,388,967","99","33,311,262","99","26,234,546","82","2,461,987","99","18,697,540","93","7,514,297"
"1606488037-30","https://secure.runescape.com/m=hiscore_oldschool_seasonal/overall?table=10&page=1","False Light","https://secure.runescape.com/m=hiscore_oldschool_seasonal/hiscorepersonal?user1=False%20Light","3,965","99","35,252,386","99","35,364,231","99","62,675,077","99","64,766,918","99","23,075,900","86","3,786,720","99","15,894,158","99","19,991,981","99","13,438,085","99","26,926,705","93","7,244,285","80","2,048,901","88","4,726,307","95","9,153,208","93","7,444,817","92","6,539,733","85","3,357,476","99","13,115,958","99","29,904,753","99","14,079,702","80","2,015,753","99","30,644,712","83","2,901,097"
"1606488127-42","https://secure.runescape.com/m=hiscore_oldschool_seasonal/overall?table=10&page=1","Jmw7","https://secure.runescape.com/m=hiscore_oldschool_seasonal/hiscorepersonal?user1=Jmw7","24","99","94,244,455","99","91,136,642","99","101,107,116","99","125,152,451","99","38,194,835","99","25,815,652","99","39,125,498","99","25,025,964","99","17,699,218","99","38,389,075","99","13,574,453","99","25,016,669","99","25,008,198","99","17,290,186","99","25,756,860","99","26,123,207","99","29,697,732","99","26,081,487","99","56,605,904","99","35,945,826","99","13,369,014","99","44,966,153","99","25,053,188"
"1606488143-44","https://secure.runescape.com/m=hiscore_oldschool_seasonal/overall?table=10&page=1","Boriz","https://secure.runescape.com/m=hiscore_oldschool_seasonal/hiscorepersonal?user1=Boriz","18","99","93,822,306","99","73,168,822","99","113,659,248","99","126,295,019","99","30,877,468","99","25,100,377","99","37,698,274","99","33,374,177","99","29,132,355","99","43,168,825","99","63,677,851","99","25,011,592","99","25,281,557","99","25,041,566","99","36,293,923","99","25,159,140","99","37,714,612","99","28,914,232","99","45,122,988","99","38,742,792","99","25,013,047","99","38,766,523","99","25,144,888"
"1606487879-9","https://secure.runescape.com/m=hiscore_oldschool_seasonal/overall?table=10&page=2","Jamuli","https://secure.runescape.com/m=hiscore_oldschool_seasonal/hiscorepersonal?user1=Jamuli","53","99","84,781,679","99","76,045,282","99","98,553,993","99","113,802,874","99","29,972,734","99","15,109,441","99","29,813,720","99","25,764,470","99","52,545,226","99","25,940,461","99","31,253,468","99","22,201,136","99","13,283,711","99","14,291,817","99","25,449,319","99","15,959,687","99","26,613,800","99","15,740,402","99","61,626,218","99","28,393,047","99","13,041,864","99","25,473,357","99","13,714,653"
"1606487996-25","https://secure.runescape.com/m=hiscore_oldschool_seasonal/overall?table=10&page=2","Barry Hall","https://secure.runescape.com/m=hiscore_oldschool_seasonal/hiscorepersonal?user1=Barry%A0Hall","45","99","25,003,244","99","25,002,451","99","26,459,150","99","146,952,785","99","200,000,000","99","20,196,078","99","32,444,864","99","25,256,828","99","25,000,800","99","26,599,484","99","22,218,673","99","25,072,743","99","20,093,266","99","17,570,622","99","13,999,193","99","13,435,332","99","43,594,863","99","26,813,443","99","57,110,625","99","24,509,055","99","13,343,462","99","26,030,675","99","18,674,042"
"1606488151-45","https://secure.runescape.com/m=hiscore_oldschool_seasonal/overall?table=10&page=1","amorals1n","https://secure.runescape.com/m=hiscore_oldschool_seasonal/hiscorepersonal?user1=amorals1n","1,595","99","27,814,641","99","32,358,147","99","27,740,954","99","106,624,358","99","200,000,000","99","20,566,060","99","22,800,899","99","22,776,408","99","20,638,180","99","44,691,946","99","14,722,288","99","17,597,949","97","10,871,530","95","9,158,390","83","2,860,220","91","6,305,431","85","3,490,387","99","14,526,632","99","30,593,966","99","21,822,524","94","8,515,100","99","13,437,179","99","16,332,184"
"1606487935-17","https://secure.runescape.com/m=hiscore_oldschool_seasonal/overall?table=10&page=2","Iron Flyn","https://secure.runescape.com/m=hiscore_oldschool_seasonal/hiscorepersonal?user1=Iron%A0Flyn","383","99","13,066,093","99","13,048,603","99","23,011,756","99","54,158,287","99","102,391,892","99","15,268,602","99","18,177,485","99","29,049,247","99","13,723,609","99","26,148,247","99","13,117,782","99","22,034,089","99","20,559,053","99","13,683,323","99","14,145,522","99","15,045,544","99","13,405,409","99","25,067,809","99","32,755,157","99","26,071,051","99","13,040,155","99","25,182,640","99","13,542,368"
"1606487943-18","https://secure.runescape.com/m=hiscore_oldschool_seasonal/overall?table=10&page=2","Tjs109","https://secure.runescape.com/m=hiscore_oldschool_seasonal/hiscorepersonal?user1=Tjs109","1,441","99","33,132,272","99","33,318,517","99","34,640,382","99","38,837,972","97","11,506,436","93","7,532,445","94","8,461,874","99","27,258,167","99","28,244,375","99","26,149,815","99","25,077,836","99","13,168,318","99","13,465,579","99","18,665,438","99","26,443,111","99","14,054,286","90","5,457,686","99","13,209,395","99","17,345,698","93","7,401,366","91","5,927,182","93","7,458,393","99","13,406,380"
"1606488046-31","https://secure.runescape.com/m=hiscore_oldschool_seasonal/overall?table=10&page=1","Moppet","https://secure.runescape.com/m=hiscore_oldschool_seasonal/hiscorepersonal?user1=Moppet","111","99","13,733,687","99","93,783,967","99","13,442,850","99","127,884,272","99","19,262,317","99","13,035,727","99","145,510,700","99","13,056,045","99","20,239,722","99","27,075,551","99","13,059,770","99","13,036,966","99","13,091,808","99","13,687,262","99","13,041,446","99","14,112,328","99","23,770,105","99","13,050,615","99","73,611,896","99","25,300,820","99","13,732,438","99","13,298,252","99","13,306,651"
"1606488180-49","https://secure.runescape.com/m=hiscore_oldschool_seasonal/overall?table=10&page=1","RankedInPray","https://secure.runescape.com/m=hiscore_oldschool_seasonal/hiscorepersonal?user1=RankedInPray","6,626","99","13,800,216","99","13,372,822","99","13,646,150","99","44,492,642","99","93,645,259","99","33,544,575","93","7,267,644","99","18,933,429","99","32,743,671","99","77,087,674","98","12,404,808","99","25,617,952","88","4,562,274","99","16,469,890","99","13,773,766","80","2,137,206","89","4,998,468","85","3,449,623","82","2,542,604","78","1,735,969","73","1,035,071","68","614,279","92","6,599,660"
"1606487909-13","https://secure.runescape.com/m=hiscore_oldschool_seasonal/overall?table=10&page=2","Iron Pidbull","https://secure.runescape.com/m=hiscore_oldschool_seasonal/hiscorepersonal?user1=Iron%A0Pidbull","159","99","68,425,161","99","56,767,182","99","62,828,924","99","82,629,249","99","24,021,689","99","13,551,537","99","19,120,747","99","26,577,394","99","25,001,871","99","25,981,075","99","25,015,456","99","14,614,581","99","21,074,225","99","16,386,614","99","20,684,794","99","16,679,405","99","13,812,466","99","19,233,736","99","34,931,323","99","25,220,570","99","13,037,349","99","25,079,625","99","25,106,309"
"1606487950-19","https://secure.runescape.com/m=hiscore_oldschool_seasonal/overall?table=10&page=2","PancakeOSRS","https://secure.runescape.com/m=hiscore_oldschool_seasonal/hiscorepersonal?user1=PancakeOSRS","44","99","72,836,890","99","111,790,292","99","80,189,265","99","125,488,987","99","42,284,240","99","13,174,301","99","31,202,362","99","34,265,728","99","25,181,590","99","26,155,930","99","26,596,833","99","25,021,064","99","13,619,977","99","13,059,519","99","25,165,680","99","13,243,601","99","20,295,452","99","25,007,703","99","64,579,061","99","22,224,957","99","21,620,474","99","39,141,609","99","13,067,854"
"1606487958-20","https://secure.runescape.com/m=hiscore_oldschool_seasonal/overall?table=10&page=2","WTF S7VEN","https://secure.runescape.com/m=hiscore_oldschool_seasonal/hiscorepersonal?user1=WTF%A0S7VEN","6,973","99","13,035,964","99","13,186,280","99","13,069,474","99","49,040,301","99","106,497,944","87","4,179,713","99","13,284,099","97","11,211,812","99","13,040,374","99","26,260,085","92","6,944,260","70","765,451","90","5,636,190","86","3,710,208","81","2,265,227","84","3,214,686","81","2,364,568","92","6,956,759","99","29,615,433","99","25,043,122","85","3,523,712","99","22,346,308","75","1,246,648"
"1606488083-36","https://secure.runescape.com/m=hiscore_oldschool_seasonal/overall?table=10&page=1","Pimp Player","https://secure.runescape.com/m=hiscore_oldschool_seasonal/hiscorepersonal?user1=Pimp%A0Player","1,044","97","10,982,790","99","25,480,886","95","9,091,274","99","45,028,712","97","10,704,014","97","11,030,757","99","73,378,639","99","25,181,545","99","48,898,983","99","30,222,767","99","28,655,312","99","25,375,358","95","8,912,821","99","23,700,595","99","25,003,851","96","9,685,484","99","14,933,469","99","25,141,790","99","25,302,646","99","26,543,519","93","7,381,490","99","27,058,437","95","9,345,260"
"1606488098-38","https://secure.runescape.com/m=hiscore_oldschool_seasonal/overall?table=10&page=1","Zombrons","https://secure.runescape.com/m=hiscore_oldschool_seasonal/hiscorepersonal?user1=Zombrons","418","99","20,400,814","99","20,956,998","99","20,526,616","99","70,678,777","99","109,776,790","99","13,079,454","99","13,478,375","99","20,465,007","99","14,865,700","99","33,377,139","99","13,206,418","99","13,038,667","99","14,363,446","99","13,186,419","99","13,992,604","99","13,106,598","99","13,059,600","99","18,546,786","99","19,018,899","99","16,036,120","99","13,158,343","99","25,066,923","99","13,066,334"
"1606488069-34","https://secure.runescape.com/m=hiscore_oldschool_seasonal/overall?table=10&page=1","Moth Aura","https://secure.runescape.com/m=hiscore_oldschool_seasonal/hiscorepersonal?user1=Moth%20Aura","5,245","99","30,476,838","99","20,883,033","99","25,928,241","99","27,817,733","87","4,374,176","71","860,408","99","17,261,032","99","25,319,204","99","46,436,687","99","28,597,814","99","25,105,616","87","4,158,469","97","10,793,825","91","6,221,103","99","18,079,244","89","4,936,215","91","6,132,553","99","14,195,232","99","25,413,471","96","9,831,472","70","748,455","99","24,631,659","70","810,460"
"1606488076-35","https://secure.runescape.com/m=hiscore_oldschool_seasonal/overall?table=10&page=1","Fail Blazer","https://secure.runescape.com/m=hiscore_oldschool_seasonal/hiscorepersonal?user1=Fail%A0Blazer","8,346","99","16,396,226","99","35,233,411","99","13,166,495","99","93,513,654","99","15,781,119","83","2,774,985","99","200,000,000","99","26,030,065","99","25,079,295","99","29,801,695","99","39,719,121","89","4,856,033","99","13,034,579","99","17,078,592","99","28,783,884","77","1,604,383","85","3,402,499","91","6,442,089","99","33,876,564","80","2,105,663","80","1,989,241","68","607,306","50","107,135"
"1606487886-10","https://secure.runescape.com/m=hiscore_oldschool_seasonal/overall?table=10&page=2","Tatapie","https://secure.runescape.com/m=hiscore_oldschool_seasonal/hiscorepersonal?user1=Tatapie","2,568","99","93,482,277","99","66,686,050","99","76,927,911","99","106,757,405","99","19,759,017","95","8,887,749","99","30,193,795","99","25,441,345","99","25,334,921","99","25,954,288","99","25,540,363","85","3,327,359","99","13,058,535","91","6,479,426","99","35,065,386","96","10,419,759","88","4,468,398","99","25,347,364","99","55,155,888","99","14,235,433","91","5,911,699","99","25,028,674","67","600,215"
"1606488112-40","https://secure.runescape.com/m=hiscore_oldschool_seasonal/overall?table=10&page=1","Paladin","https://secure.runescape.com/m=hiscore_oldschool_seasonal/hiscorepersonal?user1=Paladin","848","96","10,386,916","99","65,167,705","99","13,037,008","99","91,004,049","99","128,444,315","91","6,132,893","99","22,893,668","99","28,004,694","99","17,806,660","99","35,777,756","99","14,370,789","99","13,038,009","99","13,644,954","99","13,056,085","99","13,851,514","99","13,411,574","99","20,205,732","99","13,402,995","99","32,379,746","99","25,112,521","93","7,664,755","99","36,314,542","99","13,506,702"
"1606487825-1","https://secure.runescape.com/m=hiscore_oldschool_seasonal/overall?table=10&page=2","Darty6","https://secure.runescape.com/m=hiscore_oldschool_seasonal/hiscorepersonal?user1=Darty6","91","99","77,233,082","99","72,089,330","99","71,785,319","99","97,148,936","99","23,140,870","99","13,455,795","99","32,232,833","99","25,011,752","99","33,741,448","99","25,669,556","99","27,774,195","99","25,002,658","99","14,201,030","99","13,283,188","99","29,717,635","99","14,279,768","99","24,573,499","99","25,001,024","99","34,245,081","99","21,428,849","99","13,054,197","99","25,042,659","99","25,000,203"
"1606488119-41","https://secure.runescape.com/m=hiscore_oldschool_seasonal/overall?table=10&page=1","MadPubes","https://secure.runescape.com/m=hiscore_oldschool_seasonal/hiscorepersonal?user1=MadPubes","1,240","93","7,755,859","99","16,659,562","91","6,101,014","99","115,614,265","99","184,509,095","94","7,946,919","99","36,309,913","99","25,210,387","99","30,210,570","99","36,178,512","99","25,615,239","99","13,266,797","99","21,066,723","99","16,560,654","99","29,006,246","97","11,729,154","93","7,908,268","99","21,321,265","99","45,231,862","99","26,710,734","91","6,092,025","99","15,263,608","99","13,118,938"
"1606487844-4","https://secure.runescape.com/m=hiscore_oldschool_seasonal/overall?table=10&page=2","Poophell","https://secure.runescape.com/m=hiscore_oldschool_seasonal/hiscorepersonal?user1=Poophell","168","99","81,163,104","99","63,193,300","99","65,516,964","99","85,974,666","99","31,553,561","99","13,094,012","99","18,676,615","99","25,038,137","99","25,009,569","99","25,774,239","99","17,046,533","99","13,051,526","99","25,095,680","99","25,035,822","99","15,115,762","99","15,428,857","99","13,185,735","99","13,233,289","99","38,709,398","99","19,363,571","99","13,460,284","99","13,112,234","99","13,526,470"
"1606488165-47","https://secure.runescape.com/m=hiscore_oldschool_seasonal/overall?table=10&page=1","Ne zt e r","https://secure.runescape.com/m=hiscore_oldschool_seasonal/hiscorepersonal?user1=Ne%A0zt%A0e%A0r","16","99","40,714,111","99","41,797,965","99","93,430,970","99","60,127,929","99","18,042,774","99","13,071,213","99","34,911,762","99","72,483,362","99","176,565,968","99","66,918,146","99","200,000,000","99","13,550,902","99","18,393,914","99","13,066,983","99","21,706,155","99","16,482,144","99","50,112,518","99","30,039,939","99","26,032,578","99","21,575,503","99","13,557,474","99","32,455,235","99","13,180,889"
"1606488016-27","https://secure.runescape.com/m=hiscore_oldschool_seasonal/overall?table=10&page=1","Balanced","https://secure.runescape.com/m=hiscore_oldschool_seasonal/hiscorepersonal?user1=Balanced","26,797","99","21,712,846","99","21,718,581","99","21,716,796","99","21,698,764","82","2,433,059","99","13,040,791","99","13,055,911","99","33,774,770","99","28,820,455","99","26,810,314","99","25,000,760","99","25,004,931","61","322,652","92","6,598,369","93","7,662,152","35","24,465","74","1,126,762","90","5,637,796","95","9,490,183","31","16,340","76","1,336,600","36","27,200","71","826,368"
"1606487872-8","https://secure.runescape.com/m=hiscore_oldschool_seasonal/overall?table=10&page=2","Wafflekin","https://secure.runescape.com/m=hiscore_oldschool_seasonal/hiscorepersonal?user1=Wafflekin","166","99","13,934,294","99","13,588,076","99","13,119,104","99","78,645,857","99","179,553,319","99","25,019,038","99","24,063,257","99","26,482,849","99","25,016,684","99","25,843,624","99","13,884,407","99","13,042,418","99","20,214,167","99","17,442,750","99","24,489,034","99","13,125,823","99","13,041,537","99","14,438,528","99","43,172,586","99","19,888,564","99","15,356,651","99","25,083,553","99","13,654,360"
"1606488023-28","https://secure.runescape.com/m=hiscore_oldschool_seasonal/overall?table=10&page=1","ThedQQ","https://secure.runescape.com/m=hiscore_oldschool_seasonal/hiscorepersonal?user1=ThedQQ","1,845","99","14,455,760","99","15,211,795","99","15,525,056","99","67,277,583","99","147,136,201","99","13,049,314","99","21,372,410","99","31,637,564","86","3,882,466","99","26,882,502","86","3,857,096","99","13,266,020","99","16,365,360","91","6,241,733","95","8,982,016","99","13,118,629","96","10,291,969","99","25,107,403","99","34,390,314","99","33,954,000","91","6,020,216","99","34,230,363","90","5,703,368"
"1606488159-46","https://secure.runescape.com/m=hiscore_oldschool_seasonal/overall?table=10&page=1","Shiny M e w","https://secure.runescape.com/m=hiscore_oldschool_seasonal/hiscorepersonal?user1=Shiny%A0M%A0e%A0w","259","99","13,124,256","99","59,444,505","99","13,756,187","99","93,088,098","99","13,123,837","99","14,287,824","99","111,293,360","99","13,201,423","99","19,655,614","99","48,185,997","99","14,903,998","99","13,297,009","99","13,643,560","99","13,253,522","99","13,034,876","99","13,074,238","99","15,947,441","99","15,904,970","99","53,132,642","99","16,094,019","99","13,039,724","99","13,343,616","99","13,078,092"
"1606487852-5","https://secure.runescape.com/m=hiscore_oldschool_seasonal/overall?table=10&page=2","GhostUmbreon","https://secure.runescape.com/m=hiscore_oldschool_seasonal/hiscorepersonal?user1=GhostUmbreon","3,539","89","5,210,913","99","18,040,175","89","5,228,146","99","49,675,002","99","76,745,269","87","4,231,620","99","13,251,995","99","16,268,091","97","11,467,113","99","25,800,891","87","4,097,127","81","2,208,802","97","11,197,596","99","13,754,547","99","13,178,893","96","10,506,198","89","4,900,451","99","15,553,835","99","15,655,930","99","13,361,118","91","5,991,241","99","13,963,180","80","2,114,314"
"1606487916-14","https://secure.runescape.com/m=hiscore_oldschool_seasonal/overall?table=10&page=2","Malein","https://secure.runescape.com/m=hiscore_oldschool_seasonal/hiscorepersonal?user1=Malein","3,133","99","13,141,255","99","25,019,723","99","13,803,089","99","92,907,078","99","139,238,386","89","4,842,698","99","26,232,828","99","25,081,272","88","4,512,681","99","26,037,453","91","6,106,259","90","5,366,647","99","15,835,013","99","13,810,795","88","4,486,997","97","11,079,535","86","3,634,285","97","11,309,099","99","34,471,770","99","14,307,628","86","3,598,967","99","14,843,973","82","2,544,335"
"1606488106-39","https://secure.runescape.com/m=hiscore_oldschool_seasonal/overall?table=10&page=1","Stefn","https://secure.runescape.com/m=hiscore_oldschool_seasonal/hiscorepersonal?user1=Stefn","70","99","27,734,189","99","42,744,978","99","26,767,485","99","123,489,084","99","200,000,000","99","13,113,157","99","22,956,488","99","25,150,932","99","14,294,890","99","33,516,393","99","14,842,561","99","15,830,379","99","26,636,950","99","16,303,018","99","14,097,120","99","13,716,548","99","19,870,693","99","16,315,558","99","51,045,078","99","28,252,525","99","13,989,854","99","30,270,489","99","13,497,754"
"1606487981-23","https://secure.runescape.com/m=hiscore_oldschool_seasonal/overall?table=10&page=2","Ranger Lemus","https://secure.runescape.com/m=hiscore_oldschool_seasonal/hiscorepersonal?user1=Ranger%A0Lemus","13","99","162,454,648","99","131,935,795","99","159,418,879","99","185,562,112","99","34,529,755","99","24,546,149","99","29,062,162","99","25,442,422","99","14,468,131","99","26,314,619","99","17,250,169","99","25,203,921","99","21,714,627","99","25,011,429","99","25,185,837","99","16,652,158","99","14,139,236","99","17,248,268","99","98,847,028","99","23,041,741","99","13,739,418","99","27,169,190","99","13,080,797"
"1606488187-50","https://secure.runescape.com/m=hiscore_oldschool_seasonal/overall?table=10&page=1","Housan II","https://secure.runescape.com/m=hiscore_oldschool_seasonal/hiscorepersonal?user1=Housan%A0II","8,846","99","81,971,402","99","200,000,000","99","89,678,530","99","153,309,397","99","16,121,281","99","200,000,000","99","18,340,172","87","4,257,424","79","1,915,026","99","200,000,000","75","1,271,356","99","13,873,629","99","21,693,245","91","6,100,906","80","2,122,316","80","2,016,227","76","1,389,171","72","946,535","99","27,636,352","99","14,044,639","70","738,606","90","5,357,877","94","7,965,527"
"1606487965-21","https://secure.runescape.com/m=hiscore_oldschool_seasonal/overall?table=10&page=2","Rough Ralph","https://secure.runescape.com/m=hiscore_oldschool_seasonal/hiscorepersonal?user1=Rough%A0Ralph","52","99","83,526,832","99","83,274,839","99","86,469,175","99","131,592,213","99","58,115,129","99","14,615,910","99","35,993,225","99","28,037,434","99","16,246,067","99","26,274,358","99","15,692,864","99","13,063,894","99","25,559,648","99","26,527,250","99","26,696,555","99","15,962,835","99","17,040,896","99","25,000,214","99","53,085,337","99","25,443,341","99","14,036,084","99","25,597,935","99","13,213,486"
"1606487974-22","https://secure.runescape.com/m=hiscore_oldschool_seasonal/overall?table=10&page=2","MyfAlt","https://secure.runescape.com/m=hiscore_oldschool_seasonal/hiscorepersonal?user1=MyfAlt","1,933","99","66,658,231","99","67,917,779","99","169,654,805","99","126,101,229","99","25,620,941","99","14,374,707","99","18,169,473","99","15,070,469","83","2,934,211","99","26,286,827","92","7,137,081","99","13,042,817","99","13,705,971","99","13,049,996","99","13,035,058","95","8,801,011","84","3,155,391","99","13,265,157","99","60,901,678","99","18,116,810","87","4,039,184","99","16,039,154","92","6,584,823"
"1606487865-7","https://secure.runescape.com/m=hiscore_oldschool_seasonal/overall?table=10&page=2","Darkher","https://secure.runescape.com/m=hiscore_oldschool_seasonal/hiscorepersonal?user1=Darkher","160","99","62,811,903","99","62,216,871","99","63,757,563","99","82,667,933","99","23,975,676","99","14,863,142","99","35,095,931","99","25,013,683","99","15,791,809","99","25,841,137","99","13,073,127","99","13,035,945","99","13,784,441","99","14,020,899","99","13,040,342","99","13,816,602","99","13,610,598","99","13,949,060","99","74,294,020","99","25,097,954","99","13,058,916","99","28,220,251","99","13,733,192"
"1606487894-11","https://secure.runescape.com/m=hiscore_oldschool_seasonal/overall?table=10&page=2","Peace Magic","https://secure.runescape.com/m=hiscore_oldschool_seasonal/hiscorepersonal?user1=Peace%A0Magic","37,075","99","13,052,144","94","8,698,566","99","13,047,032","98","12,699,984","66","543,751","75","1,310,364","90","5,362,355","75","1,321,804","99","13,687,050","99","25,974,544","73","1,003,792","99","16,243,033","80","1,994,469","94","8,350,432","99","13,634,140","51","114,324","56","198,726","58","225,976","92","6,851,980","71","855,485","50","108,938","79","1,839,894","71","828,492"
"1606488061-33","https://secure.runescape.com/m=hiscore_oldschool_seasonal/overall?table=10&page=1","Goku3ss3","https://secure.runescape.com/m=hiscore_oldschool_seasonal/hiscorepersonal?user1=Goku3ss3","26","99","40,808,173","99","39,170,272","99","77,715,168","99","66,436,881","99","31,734,392","99","14,259,469","99","19,247,762","99","131,608,561","99","45,367,908","99","27,126,471","99","35,939,163","99","32,047,371","99","14,993,531","99","14,909,239","99","44,934,232","99","23,048,588","99","43,794,820","99","13,646,280","99","30,433,986","99","25,002,929","99","13,056,614","99","144,975,660","99","13,113,416"
"1606488136-43","https://secure.runescape.com/m=hiscore_oldschool_seasonal/overall?table=10&page=1","Ceyyl2","https://secure.runescape.com/m=hiscore_oldschool_seasonal/hiscorepersonal?user1=Ceyyl2","11","99","143,434,637","99","141,420,651","99","145,832,411","99","200,000,000","99","200,000,000","99","27,008,211","99","43,474,752","99","28,317,822","99","31,052,800","99","41,798,033","99","17,974,171","99","13,036,481","99","19,448,684","99","23,709,134","99","17,163,154","99","14,103,220","99","13,114,534","99","15,594,496","99","42,490,524","99","15,532,222","99","13,046,578","99","13,708,777","99","13,079,915"
"1606487832-2","https://secure.runescape.com/m=hiscore_oldschool_seasonal/overall?table=10&page=2","Snelmz","https://secure.runescape.com/m=hiscore_oldschool_seasonal/hiscorepersonal?user1=Snelmz","156","99","46,442,957","99","46,443,245","99","77,682,395","99","70,179,897","99","23,747,145","99","13,042,663","99","18,345,319","99","25,031,600","99","56,806,319","99","25,705,217","99","54,317,774","99","13,037,494","99","13,525,503","99","13,100,767","99","26,953,299","99","13,144,464","99","25,608,721","99","13,036,126","99","32,042,517","99","15,990,084","99","13,044,225","99","27,724,461","99","13,059,729"
"1606487988-24","https://secure.runescape.com/m=hiscore_oldschool_seasonal/overall?table=10&page=2","Fjala r","https://secure.runescape.com/m=hiscore_oldschool_seasonal/hiscorepersonal?user1=Fjala%A0r","1,245","99","13,052,401","99","21,031,670","99","13,040,098","99","98,240,926","99","180,207,342","99","13,083,759","99","21,313,008","99","26,957,487","93","7,530,252","99","26,565,475","91","6,046,309","99","13,034,580","99","13,054,751","95","8,790,683","96","9,960,326","98","12,097,914","99","14,154,570","99","13,721,163","99","47,306,637","99","15,723,901","89","4,924,991","99","13,682,151","96","10,093,383"
"1606487858-6","https://secure.runescape.com/m=hiscore_oldschool_seasonal/overall?table=10&page=2","Higher Goals","https://secure.runescape.com/m=hiscore_oldschool_seasonal/hiscorepersonal?user1=Higher%A0Goals","10,195","99","37,950,772","99","36,290,243","99","83,663,410","99","64,661,205","99","28,760,890","84","3,173,430","96","10,654,455","99","15,035,762","80","1,986,539","99","25,809,008","87","4,096,623","85","3,592,603","86","3,747,492","80","2,008,040","78","1,734,787","92","6,565,251","81","2,274,386","85","3,336,941","99","30,062,198","99","14,589,280","79","1,820,634","88","4,405,626","73","1,013,156"
"1606488172-48","https://secure.runescape.com/m=hiscore_oldschool_seasonal/overall?table=10&page=1","Ccr Lyder","https://secure.runescape.com/m=hiscore_oldschool_seasonal/hiscorepersonal?user1=Ccr%A0Lyder","5,352","99","13,958,200","99","15,674,907","99","15,952,041","99","19,338,275","84","2,999,844","78","1,718,476","99","46,503,379","94","8,052,911","94","8,502,851","99","70,059,235","99","16,627,509","90","5,886,976","79","1,845,696","99","25,857,386","99","147,944,021","85","3,559,265","89","4,995,201","99","16,013,221","95","9,000,931","90","5,566,740","99","170,005,618","89","5,024,803","78","1,686,773"
"1606488030-29","https://secure.runescape.com/m=hiscore_oldschool_seasonal/overall?table=10&page=1","Ice Sacks","https://secure.runescape.com/m=hiscore_oldschool_seasonal/hiscorepersonal?user1=Ice%A0Sacks","37","99","113,443,994","99","97,017,727","99","116,883,278","99","138,109,473","99","40,270,527","99","15,654,671","99","28,185,381","99","26,482,447","99","19,310,954","99","26,918,188","99","13,484,967","99","17,034,068","99","18,486,672","99","25,124,849","99","23,336,192","99","17,851,171","99","15,056,438","99","19,822,466","99","56,667,578","99","28,570,538","99","13,040,553","99","27,527,016","99","14,321,356"
"1606487902-12","https://secure.runescape.com/m=hiscore_oldschool_seasonal/overall?table=10&page=2","Open GL","https://secure.runescape.com/m=hiscore_oldschool_seasonal/hiscorepersonal?user1=Open%A0GL","84","99","14,782,736","99","25,014,739","99","14,459,961","99","100,093,976","99","187,625,196","99","13,037,601","99","47,255,602","99","26,114,446","99","35,210,467","99","25,977,384","99","25,002,652","99","13,050,689","99","14,203,861","99","15,536,751","99","16,459,420","99","13,405,803","99","14,036,481","99","25,000,428","99","46,085,174","99","28,107,881","99","13,062,637","99","34,121,648","99","25,005,584"
"1606488054-32","https://secure.runescape.com/m=hiscore_oldschool_seasonal/overall?table=10&page=1","T e t s u","https://secure.runescape.com/m=hiscore_oldschool_seasonal/hiscorepersonal?user1=T%A0e%A0t%A0s%A0u","40","99","26,570,912","99","27,017,467","99","25,164,525","99","127,781,038","99","200,000,000","99","14,782,958","99","34,455,569","99","25,000,816","99","25,148,455","99","27,102,374","99","133,897,055","99","25,004,441","99","14,094,946","99","15,301,856","99","13,122,001","99","13,616,643","99","13,060,421","99","25,001,161","99","39,216,675","99","25,926,792","99","13,040,550","99","16,390,628","99","13,620,268"
