web-scraper-order,web-scraper-start-url,item,item-href,name,serving_size,calories,cholesterol,sodium,total_fat,saturated_fat,trans_fat,total_carbs,dietary_fiber,sugar
"1608728470-213","https://www.google.com/search?rlz=1C1CHBF_enUS905US905&ei=ebDgX67tB6yA5wLY27CICQ&q=kfc+menu+nutrition&oq=kfc+menu+n&gs_lcp=CgZwc3ktYWIQAxgAMgUIABCRAjIFCAAQyQMyBQgAEJIDMgIIADICCAAyAggAMgIIADICCAAyAggAMgIIADoECAAQRzoECAAQQzoICAAQsQMQgwE6CAgAELEDEMkDOggILhDHARCvAToLCAAQsQMQgwEQkQI6BwgAELEDEEM6BQgAELEDUOwOWNofYNInaABwAngAgAFyiAHLBJIBAzUuMpgBAKABAaoBB2d3cy13aXrIAQjAAQE&sclient=psy-ab","Nashville Hot Spicy Crispy Chicken Drumstick190 Calories · Nashville hot chicken","https://www.google.com/search?rlz=1C1CHBF_enUS905US905&q=kfc+nashville+hot+spicy+crispy+chicken+drumstick&stick=H4sIAAAAAAAAAONgFuLQz9U3sEwyK1Hi1U_XNzTMMjYwNDAqydBSzk620k_Lz0_Rz03NK40vKMovy0xJLbIC81LzSooyU4sfMZZwC7z8cU9YKnvSmpPXGFO5iNElZMXF5ppXkllSKSTFxSMFd4EGgxQXF5wnJaIlxCn4pOvRx4xVDYIf-o5s4U1Q_WLFpMHIs4jVIDstWSEvsTijLDMnJ1UhI79EobggM7lSIbkos7gASGVkJmen5imkFJXmFpcA2QAuTc0O6gAAAA&sa=X&ved=2ahUKEwirhqytlOTtAhVGrFkKHYCbA-wQri4wOXoECBIQaw","Nashville Hot Spicy Crispy Chicken Drumstick","53 Grams","190","Cholesterol 40 mg13%","Sodium 510 mg21%","Total Fat 14 g21%","null","Trans fat regulation 0 g","Total Carbohydrate 6 g2%","Dietary fiber 1 g4%","Sugar 0 g"
"1608728490-222","https://www.google.com/search?rlz=1C1CHBF_enUS905US905&ei=ebDgX67tB6yA5wLY27CICQ&q=kfc+menu+nutrition&oq=kfc+menu+n&gs_lcp=CgZwc3ktYWIQAxgAMgUIABCRAjIFCAAQyQMyBQgAEJIDMgIIADICCAAyAggAMgIIADICCAAyAggAMgIIADoECAAQRzoECAAQQzoICAAQsQMQgwE6CAgAELEDEMkDOggILhDHARCvAToLCAAQsQMQgwEQkQI6BwgAELEDEEM6BQgAELEDUOwOWNofYNInaABwAngAgAFyiAHLBJIBAzUuMpgBAKABAaoBB2d3cy13aXrIAQjAAQE&sclient=psy-ab","Nashville Hot Extra Crispy Tender220 Calories · Extra crispy tenders","https://www.google.com/search?rlz=1C1CHBF_enUS905US905&q=kfc+nashville+hot+extra+crispy+tender&stick=H4sIAAAAAAAAAONgFuLQz9U3sEwyK1Hi1U_XNzTMMjYwNDCqMtZSzk620k_Lz0_Rz03NK40vKMovy0xJLbIC81LzSooyU4sfMZZwC7z8cU9YKnvSmpPXGFO5iNElZMXF5ppXkllSKSTFxSMFd4EGgxQXF5wnJaIlxCn4pOvRx4xVDYIf-o5s4U1Q_WLFpMHIs4hVNTstWSEvsTijLDMnJ1UhI79EIbWipChRIbkos7igUqEkNQ9oKwBImkAZ3wAAAA&sa=X&ved=2ahUKEwirhqytlOTtAhVGrFkKHYCbA-wQri4wMHoECBIQWQ","Nashville Hot Extra Crispy Tender","63.2 Grams","220","Cholesterol 25 mg8%","Sodium 460 mg19%","Total Fat 16 g24%","null","Trans fat regulation 0 g","Total Carbohydrate 9 g3%","Dietary fiber 1 g4%","Sugar 1 g"
"1608728482-218","https://www.google.com/search?rlz=1C1CHBF_enUS905US905&ei=ebDgX67tB6yA5wLY27CICQ&q=kfc+menu+nutrition&oq=kfc+menu+n&gs_lcp=CgZwc3ktYWIQAxgAMgUIABCRAjIFCAAQyQMyBQgAEJIDMgIIADICCAAyAggAMgIIADICCAAyAggAMgIIADoECAAQRzoECAAQQzoICAAQsQMQgwE6CAgAELEDEMkDOggILhDHARCvAToLCAAQsQMQgwEQkQI6BwgAELEDEEM6BQgAELEDUOwOWNofYNInaABwAngAgAFyiAHLBJIBAzUuMpgBAKABAaoBB2d3cy13aXrIAQjAAQE&sclient=psy-ab","Nashville Hot Extra Crispy Chicken Thigh500 Calories · Nashville hot chicken","https://www.google.com/search?rlz=1C1CHBF_enUS905US905&q=kfc+nashville+hot+extra+crispy+chicken+thigh&stick=H4sIAAAAAAAAAONgFuLQz9U3sEwyK1Hi1U_XNzTMsihIyigxytBSzk620k_Lz0_Rz03NK40vKMovy0xJLbIC81LzSooyU4sfMZZwC7z8cU9YKnvSmpPXGFO5iNElZMXF5ppXkllSKSTFxSMFd4EGgxQXF5wnJaIlxCn4pOvRx4xVDYIf-o5s4U1Q_WLFpMHIs4hVJzstWSEvsTijLDMnJ1UhI79EIbWipChRIbkos7igUiE5IzM5OzVPoSQjMz0DAIbNwzPmAAAA&sa=X&ved=2ahUKEwirhqytlOTtAhVGrFkKHYCbA-wQri4wNHoECBIQYQ","Nashville Hot Extra Crispy Chicken Thigh","134 Grams","500","Cholesterol 100 mg33%","Sodium 970 mg40%","Total Fat 40 g61%","Saturated fat 7 g35%","Trans fat regulation 0 g","Total Carbohydrate 11 g3%","Dietary fiber 1 g4%","Sugar 1 g"
"1608728488-221","https://www.google.com/search?rlz=1C1CHBF_enUS905US905&ei=ebDgX67tB6yA5wLY27CICQ&q=kfc+menu+nutrition&oq=kfc+menu+n&gs_lcp=CgZwc3ktYWIQAxgAMgUIABCRAjIFCAAQyQMyBQgAEJIDMgIIADICCAAyAggAMgIIADICCAAyAggAMgIIADoECAAQRzoECAAQQzoICAAQsQMQgwE6CAgAELEDEMkDOggILhDHARCvAToLCAAQsQMQgwEQkQI6BwgAELEDEEM6BQgAELEDUOwOWNofYNInaABwAngAgAFyiAHLBJIBAzUuMpgBAKABAaoBB2d3cy13aXrIAQjAAQE&sclient=psy-ab","Popcorn Nuggets290 to 620 Calories · Popcorn nuggets","https://www.google.com/search?rlz=1C1CHBF_enUS905US905&q=kfc+popcorn+nuggets&stick=H4sIAAAAAAAAAONgFuLQz9U3sEwyK1Hi1U_XNzTMsihIKrbMLtJSzk620k_Lz0_Rz03NK40vKMovy0xJLbIC81LzSooyU4sfMZZwC7z8cU9YKnvSmpPXGFO5iNElZMXF5ppXkllSKSTFxSMFd4EGgxQXF5wnJaIlxCn4pOvRx4xVDYIf-o5s4U1Q_WLFpMHIs4hVODstWaEgvyA5vyhPIa80PT21pBgApUnY7s0AAAA&sa=X&ved=2ahUKEwirhqytlOTtAhVGrFkKHYCbA-wQri4wMXoECBIQWw","Popcorn Nuggets","81.23 Grams","290","Cholesterol 30 mg10%","Sodium 870 mg36%","Total Fat 19 g29%","Saturated fat","Trans fat regulation 0 g","Total Carbohydrate 19 g6%","Dietary fiber 1 g4%","Sugar 0 g"
"1608728473-214","https://www.google.com/search?rlz=1C1CHBF_enUS905US905&ei=ebDgX67tB6yA5wLY27CICQ&q=kfc+menu+nutrition&oq=kfc+menu+n&gs_lcp=CgZwc3ktYWIQAxgAMgUIABCRAjIFCAAQyQMyBQgAEJIDMgIIADICCAAyAggAMgIIADICCAAyAggAMgIIADoECAAQRzoECAAQQzoICAAQsQMQgwE6CAgAELEDEMkDOggILhDHARCvAToLCAAQsQMQgwEQkQI6BwgAELEDEEM6BQgAELEDUOwOWNofYNInaABwAngAgAFyiAHLBJIBAzUuMpgBAKABAaoBB2d3cy13aXrIAQjAAQE&sclient=psy-ab","Nashville Hot Extra Crispy Chicken Drumstick250 Calories · Nashville hot chicken","https://www.google.com/search?rlz=1C1CHBF_enUS905US905&q=kfc+nashville+hot+extra+crispy+chicken+drumstick&stick=H4sIAAAAAAAAAONgFuLQz9U3sEwyK1Hi1U_XNzTMMjYwqCpPqtJSzk620k_Lz0_Rz03NK40vKMovy0xJLbIC81LzSooyU4sfMZZwC7z8cU9YKnvSmpPXGFO5iNElZMXF5ppXkllSKSTFxSMFd4EGgxQXF5wnJaIlxCn4pOvRx4xVDYIf-o5s4U1Q_WLFpMHIs4jVIDstWSEvsTijLDMnJ1UhI79EIbWipChRIbkos7igUiE5IzM5OzVPIaWoNLe4BMgGAFFNLTrqAAAA&sa=X&ved=2ahUKEwirhqytlOTtAhVGrFkKHYCbA-wQri4wOHoECBIQaQ","Nashville Hot Extra Crispy Chicken Drumstick","66 Grams","250","Cholesterol 50 mg16%","Sodium 530 mg22%","Total Fat 21 g32%","null","Trans fat regulation 0 g","Total Carbohydrate 6 g2%","Dietary fiber 1 g4%","Sugar 0 g"
"1608728446-202","https://www.google.com/search?rlz=1C1CHBF_enUS905US905&ei=ebDgX67tB6yA5wLY27CICQ&q=kfc+menu+nutrition&oq=kfc+menu+n&gs_lcp=CgZwc3ktYWIQAxgAMgUIABCRAjIFCAAQyQMyBQgAEJIDMgIIADICCAAyAggAMgIIADICCAAyAggAMgIIADoECAAQRzoECAAQQzoICAAQsQMQgwE6CAgAELEDEMkDOggILhDHARCvAToLCAAQsQMQgwEQkQI6BwgAELEDEEM6BQgAELEDUOwOWNofYNInaABwAngAgAFyiAHLBJIBAzUuMpgBAKABAaoBB2d3cy13aXrIAQjAAQE&sclient=psy-ab","Coleslaw170 Calories · Homestyle sides (individual)","https://www.google.com/search?rlz=1C1CHBF_enUS905US905&q=kfc+coleslaw&stick=H4sIAAAAAAAAAONgFuLQz9U3sEwyK1Hi1U_XNzRMKy40tTCsNNdSzk620k_Lz0_Rz03NK40vKMovy0xJLbIC81LzSooyU4sfMZZwC7z8cU9YKnvSmpPXGFO5iNElZMXF5ppXkllSKSTFxSMFd4EGgxQXF5wnJaIlxCn4pOvRx4xVDYIf-o5s4U1Q_WLFpMHIs4iVJzstWSE5Pye1OCexHADF38dKxgAAAA&sa=X&ved=2ahUKEwirhqytlOTtAhVGrFkKHYCbA-wQri4wRHoFCBIQgQE","Coleslaw","1 Side","170","Cholesterol 5 mg1%","Sodium 180 mg7%","Total Fat 12 g18%","Saturated fat 2 g10%","Trans fat regulation 0 g","Total Carbohydrate 14 g4%","Dietary fiber 4 g16%","Sugar 10 g"
"1608728497-225","https://www.google.com/search?rlz=1C1CHBF_enUS905US905&ei=ebDgX67tB6yA5wLY27CICQ&q=kfc+menu+nutrition&oq=kfc+menu+n&gs_lcp=CgZwc3ktYWIQAxgAMgUIABCRAjIFCAAQyQMyBQgAEJIDMgIIADICCAAyAggAMgIIADICCAAyAggAMgIIADoECAAQRzoECAAQQzoICAAQsQMQgwE6CAgAELEDEMkDOggILhDHARCvAToLCAAQsQMQgwEQkQI6BwgAELEDEEM6BQgAELEDUOwOWNofYNInaABwAngAgAFyiAHLBJIBAzUuMpgBAKABAaoBB2d3cy13aXrIAQjAAQE&sclient=psy-ab","Spicy Crispy Chicken Drumstick130 Calories · Spicy crispy chicken","https://www.google.com/search?rlz=1C1CHBF_enUS905US905&q=kfc+spicy+crispy+chicken+drumstick&stick=H4sIAAAAAAAAAONgFuLQz9U3sEwyK1Hi1U_XNzTMsihISs8xNtZSzk620k_Lz0_Rz03NK40vKMovy0xJLbIC81LzSooyU4sfMZZwC7z8cU9YKnvSmpPXGFO5iNElZMXF5ppXkllSKSTFxSMFd4EGgxQXF5wnJaIlxCn4pOvRx4xVDYIf-o5s4U1Q_WLFpMHIs4hVKTstWaG4IDO5UiG5KLO4AEhlZCZnp-YppBSV5haXANkA-91JD9wAAAA&sa=X&ved=2ahUKEwirhqytlOTtAhVGrFkKHYCbA-wQri4wLXoECBIQUw","Spicy Crispy Chicken Drumstick","46 Grams","130","Cholesterol 40 mg13%","Sodium 420 mg17%","Total Fat 8 g12%","null","Trans fat regulation 0 g","Total Carbohydrate 5 g1%","Dietary fiber 1 g4%","Sugar 0 g"
"1608728513-232","https://www.google.com/search?rlz=1C1CHBF_enUS905US905&ei=ebDgX67tB6yA5wLY27CICQ&q=kfc+menu+nutrition&oq=kfc+menu+n&gs_lcp=CgZwc3ktYWIQAxgAMgUIABCRAjIFCAAQyQMyBQgAEJIDMgIIADICCAAyAggAMgIIADICCAAyAggAMgIIADoECAAQRzoECAAQQzoICAAQsQMQgwE6CAgAELEDEMkDOggILhDHARCvAToLCAAQsQMQgwEQkQI6BwgAELEDEEM6BQgAELEDUOwOWNofYNInaABwAngAgAFyiAHLBJIBAzUuMpgBAKABAaoBB2d3cy13aXrIAQjAAQE&sclient=psy-ab","Extra Crispy Chicken Whole Wing170 Calories · Extra crispy chicken","https://www.google.com/search?rlz=1C1CHBF_enUS905US905&q=kfc+extra+crispy+chicken+whole+wing&stick=H4sIAAAAAAAAAONgFuLQz9U3sEwyK1Hi1U_XNzRMKy40TTE0z9VSzk620k_Lz0_Rz03NK40vKMovy0xJLbIC81LzSooyU4sfMZZwC7z8cU9YKnvSmpPXGFO5iNElZMXF5ppXkllSKSTFxSMFd4EGgxQXF5wnJaIlxCn4pOvRx4xVDYIf-o5s4U1Q_WLFpMHIs4hVOTstWSG1oqQoUSG5KLO4oFIhOSMzOTs1T6E8Iz8nVaE8My8dACwfNhXdAAAA&sa=X&ved=2ahUKEwirhqytlOTtAhVGrFkKHYCbA-wQri4wJnoECBIQRQ","Extra Crispy Chicken Whole Wing","48 Grams","170","Cholesterol 45 mg15%","Sodium 340 mg14%","Total Fat 13 g20%","Saturated fat 2 g10%","Trans fat regulation 0 g","Total Carbohydrate 5 g1%","Dietary fiber 0 g0%","Sugar 0 g"
"1608728421-191","https://www.google.com/search?rlz=1C1CHBF_enUS905US905&ei=ebDgX67tB6yA5wLY27CICQ&q=kfc+menu+nutrition&oq=kfc+menu+n&gs_lcp=CgZwc3ktYWIQAxgAMgUIABCRAjIFCAAQyQMyBQgAEJIDMgIIADICCAAyAggAMgIIADICCAAyAggAMgIIADoECAAQRzoECAAQQzoICAAQsQMQgwE6CAgAELEDEMkDOggILhDHARCvAToLCAAQsQMQgwEQkQI6BwgAELEDEEM6BQgAELEDUOwOWNofYNInaABwAngAgAFyiAHLBJIBAzUuMpgBAKABAaoBB2d3cy13aXrIAQjAAQE&sclient=psy-ab","Chicken Littles300 to 340 Calories · Sandwiches","https://www.google.com/search?rlz=1C1CHBF_enUS905US905&q=kfc+chicken+littles&stick=H4sIAAAAAAAAAONgFuLQz9U3sEwyK1Hi1U_XNzTMMjYwNMnOKNdSzk620k_Lz0_Rz03NK40vKMovy0xJLbIC81LzSooyU4sfMZZwC7z8cU9YKnvSmpPXGFO5iNElZMXF5ppXkllSKSTFxSMFd4EGgxQXF5wnJaIlxCn4pOvRx4xVDYIf-o5s4U1Q_WLFpMHIs4hVODstWSE5IzM5OzVPISezpCQntRgA1FzLtc0AAAA&sa=X&ved=2ahUKEwirhqytlOTtAhVGrFkKHYCbA-wQri4wT3oFCBIQlwE","Chicken Littles","1 Sandwich","310","Cholesterol 30 mg10%","Sodium 790 mg32%","Total Fat 17 g26%","Saturated fat","Trans fat regulation 0 g","Total Carbohydrate 27 g9%","Dietary fiber 1 g4%","Sugar 3 g"
"1608728495-224","https://www.google.com/search?rlz=1C1CHBF_enUS905US905&ei=ebDgX67tB6yA5wLY27CICQ&q=kfc+menu+nutrition&oq=kfc+menu+n&gs_lcp=CgZwc3ktYWIQAxgAMgUIABCRAjIFCAAQyQMyBQgAEJIDMgIIADICCAAyAggAMgIIADICCAAyAggAMgIIADoECAAQRzoECAAQQzoICAAQsQMQgwE6CAgAELEDEMkDOggILhDHARCvAToLCAAQsQMQgwEQkQI6BwgAELEDEEM6BQgAELEDUOwOWNofYNInaABwAngAgAFyiAHLBJIBAzUuMpgBAKABAaoBB2d3cy13aXrIAQjAAQE&sclient=psy-ab","Spicy Crispy Chicken Whole Wing120 Calories · Spicy crispy chicken","https://www.google.com/search?rlz=1C1CHBF_enUS905US905&q=kfc+spicy+crispy+chicken+whole+wing&stick=H4sIAAAAAAAAAONgFuLQz9U3sEwyK1Hi1U_XNzTMMjYwNDYwT9ZSzk620k_Lz0_Rz03NK40vKMovy0xJLbIC81LzSooyU4sfMZZwC7z8cU9YKnvSmpPXGFO5iNElZMXF5ppXkllSKSTFxSMFd4EGgxQXF5wnJaIlxCn4pOvRx4xVDYIf-o5s4U1Q_WLFpMHIs4hVOTstWaG4IDO5UiG5KLO4AEhlZCZnp-YplGfk56QqlGfmpQMAJX4Gzd0AAAA&sa=X&ved=2ahUKEwirhqytlOTtAhVGrFkKHYCbA-wQri4wLnoECBIQVQ","Spicy Crispy Chicken Whole Wing","35 Grams","120","Cholesterol 35 mg11%","Sodium 350 mg14%","Total Fat 8 g12%","null","Trans fat regulation 0 g","Total Carbohydrate 5 g1%","Dietary fiber 0 g0%","Sugar 0 g"
"1608728502-227","https://www.google.com/search?rlz=1C1CHBF_enUS905US905&ei=ebDgX67tB6yA5wLY27CICQ&q=kfc+menu+nutrition&oq=kfc+menu+n&gs_lcp=CgZwc3ktYWIQAxgAMgUIABCRAjIFCAAQyQMyBQgAEJIDMgIIADICCAAyAggAMgIIADICCAAyAggAMgIIADoECAAQRzoECAAQQzoICAAQsQMQgwE6CAgAELEDEMkDOggILhDHARCvAToLCAAQsQMQgwEQkQI6BwgAELEDEEM6BQgAELEDUOwOWNofYNInaABwAngAgAFyiAHLBJIBAzUuMpgBAKABAaoBB2d3cy13aXrIAQjAAQE&sclient=psy-ab","Spicy Crispy Chicken Breast350 Calories · Spicy crispy chicken","https://www.google.com/search?rlz=1C1CHBF_enUS905US905&q=kfc+spicy+crispy+chicken+breast&stick=H4sIAAAAAAAAAONgFuLQz9U3sEwyK1Hi1U_XNzRMKy40NS0wsdBSzk620k_Lz0_Rz03NK40vKMovy0xJLbIC81LzSooyU4sfMZZwC7z8cU9YKnvSmpPXGFO5iNElZMXF5ppXkllSKSTFxSMFd4EGgxQXF5wnJaIlxCn4pOvRx4xVDYIf-o5s4U1Q_WLFpMHIs4hVPjstWaG4IDO5UiG5KLO4AEhlZCZnp-YpJBWlJhaXAAAg3d_L2QAAAA&sa=X&ved=2ahUKEwirhqytlOTtAhVGrFkKHYCbA-wQri4wK3oECBIQTw","Spicy Crispy Chicken Breast","146 Grams","350","Cholesterol 100 mg33%","Sodium 1,100 mg45%","Total Fat 20 g30%","null","Trans fat regulation 0 g","Total Carbohydrate 11 g3%","Dietary fiber 1 g4%","Sugar 0 g"
"1608728486-220","https://www.google.com/search?rlz=1C1CHBF_enUS905US905&ei=ebDgX67tB6yA5wLY27CICQ&q=kfc+menu+nutrition&oq=kfc+menu+n&gs_lcp=CgZwc3ktYWIQAxgAMgUIABCRAjIFCAAQyQMyBQgAEJIDMgIIADICCAAyAggAMgIIADICCAAyAggAMgIIADoECAAQRzoECAAQQzoICAAQsQMQgwE6CAgAELEDEMkDOggILhDHARCvAToLCAAQsQMQgwEQkQI6BwgAELEDEEM6BQgAELEDUOwOWNofYNInaABwAngAgAFyiAHLBJIBAzUuMpgBAKABAaoBB2d3cy13aXrIAQjAAQE&sclient=psy-ab","Nashville Hot Extra Crispy Chicken Breast770 Calories · Nashville hot chicken","https://www.google.com/search?rlz=1C1CHBF_enUS905US905&q=kfc+nashville+hot+extra+crispy+chicken+breast&stick=H4sIAAAAAAAAAONgFuLQz9U3sEwyK1Hi1U_XNzRMKy40Na-oKtNSzk620k_Lz0_Rz03NK40vKMovy0xJLbIC81LzSooyU4sfMZZwC7z8cU9YKnvSmpPXGFO5iNElZMXF5ppXkllSKSTFxSMFd4EGgxQXF5wnJaIlxCn4pOvRx4xVDYIf-o5s4U1Q_WLFpMHIs4hVNzstWSEvsTijLDMnJ1UhI79EIbWipChRIbkos7igUiE5IzM5OzVPIakoNbG4BAA5gwiV5wAAAA&sa=X&ved=2ahUKEwirhqytlOTtAhVGrFkKHYCbA-wQri4wMnoECBIQXQ","Nashville Hot Extra Crispy Chicken Breast","210 Grams","770","Cholesterol 105 mg35%","Sodium 1,530 mg63%","Total Fat 60 g92%","Saturated fat 10 g50%","Trans fat regulation 0 g","Total Carbohydrate 21 g7%","Dietary fiber 1 g4%","Sugar 1 g"
"1608728437-198","https://www.google.com/search?rlz=1C1CHBF_enUS905US905&ei=ebDgX67tB6yA5wLY27CICQ&q=kfc+menu+nutrition&oq=kfc+menu+n&gs_lcp=CgZwc3ktYWIQAxgAMgUIABCRAjIFCAAQyQMyBQgAEJIDMgIIADICCAAyAggAMgIIADICCAAyAggAMgIIADoECAAQRzoECAAQQzoICAAQsQMQgwE6CAgAELEDEMkDOggILhDHARCvAToLCAAQsQMQgwEQkQI6BwgAELEDEEM6BQgAELEDUOwOWNofYNInaABwAngAgAFyiAHLBJIBAzUuMpgBAKABAaoBB2d3cy13aXrIAQjAAQE&sclient=psy-ab","Corn on the Cob70 Calories · Homestyle sides (individual)","https://www.google.com/search?rlz=1C1CHBF_enUS905US905&q=kfc+corn+on+the+cob&stick=H4sIAAAAAAAAAONgFuLQz9U3sEwyK1Hi1U_XNzRMKy40NS0wTdFSzk620k_Lz0_Rz03NK40vKMovy0xJLbIC81LzSooyU4sfMZZwC7z8cU9YKnvSmpPXGFO5iNElZMXF5ppXkllSKSTFxSMFd4EGgxQXF5wnJaIlxCn4pOvRx4xVDYIf-o5s4U1Q_WLFpMHIs4hVODstWSE5vyhPIT9PoSQjFchOAgD0hPQJzQAAAA&sa=X&ved=2ahUKEwirhqytlOTtAhVGrFkKHYCbA-wQri4wSHoFCBIQiQE","Corn on the Cob","1 Side","70","Cholesterol 0 mg0%","Sodium 0 mg0%","null","Saturated fat 0 g0%","Trans fat regulation 0 g","Total Carbohydrate 17 g5%","Dietary fiber 2 g8%","Sugar 3 g"
"1608728459-208","https://www.google.com/search?rlz=1C1CHBF_enUS905US905&ei=ebDgX67tB6yA5wLY27CICQ&q=kfc+menu+nutrition&oq=kfc+menu+n&gs_lcp=CgZwc3ktYWIQAxgAMgUIABCRAjIFCAAQyQMyBQgAEJIDMgIIADICCAAyAggAMgIIADICCAAyAggAMgIIADoECAAQRzoECAAQQzoICAAQsQMQgwE6CAgAELEDEMkDOggILhDHARCvAToLCAAQsQMQgwEQkQI6BwgAELEDEEM6BQgAELEDUOwOWNofYNInaABwAngAgAFyiAHLBJIBAzUuMpgBAKABAaoBB2d3cy13aXrIAQjAAQE&sclient=psy-ab","Potato Salad340 Calories · Homestyle sides (individual)","https://www.google.com/search?rlz=1C1CHBF_enUS905US905&q=kfc+potato+salad&stick=H4sIAAAAAAAAAONgFuLQz9U3sEwyK1Hi1U_XNzTMsihIKsmoMtNSzk620k_Lz0_Rz03NK40vKMovy0xJLbIC81LzSooyU4sfMZZwC7z8cU9YKnvSmpPXGFO5iNElZMXF5ppXkllSKSTFxSMFd4EGgxQXF5wnJaIlxCn4pOvRx4xVDYIf-o5s4U1Q_WLFpMHIs4hVIDstWaEgvySxJF-hODEnMQUAkAAlgsoAAAA&sa=X&ved=2ahUKEwirhqytlOTtAhVGrFkKHYCbA-wQri4wPnoECBIQdQ","Potato Salad","1 Side","340","Cholesterol 25 mg8%","Sodium 290 mg12%","Total Fat 28 g43%","null","Trans fat regulation 0 g","Total Carbohydrate 19 g6%","Dietary fiber 2 g8%","Sugar 3 g"
"1608728464-210","https://www.google.com/search?rlz=1C1CHBF_enUS905US905&ei=ebDgX67tB6yA5wLY27CICQ&q=kfc+menu+nutrition&oq=kfc+menu+n&gs_lcp=CgZwc3ktYWIQAxgAMgUIABCRAjIFCAAQyQMyBQgAEJIDMgIIADICCAAyAggAMgIIADICCAAyAggAMgIIADoECAAQRzoECAAQQzoICAAQsQMQgwE6CAgAELEDEMkDOggILhDHARCvAToLCAAQsQMQgwEQkQI6BwgAELEDEEM6BQgAELEDUOwOWNofYNInaABwAngAgAFyiAHLBJIBAzUuMpgBAKABAaoBB2d3cy13aXrIAQjAAQE&sclient=psy-ab","Nashville Hot Kentucky Grilled Chicken Drumstick100 Calories · Nashville hot chicken","https://www.google.com/search?rlz=1C1CHBF_enUS905US905&q=kfc+nashville+hot+kentucky+grilled+chicken+drumstick&stick=H4sIAAAAAAAAAONgFuLQz9U3sEwyK1Hi1U_XNzTMsihIMjY0LtdSzk620k_Lz0_Rz03NK40vKMovy0xJLbIC81LzSooyU4sfMZZwC7z8cU9YKnvSmpPXGFO5iNElZMXF5ppXkllSKSTFxSMFd4EGgxQXF5wnJaIlxCn4pOvRx4xVDYIf-o5s4U1Q_WLFpMHIs4jVJDstWSEvsTijLDMnJ1UhI79EIRtoemlydqVCehFILEUhOSMzGSiokFJUmltcAmQDAHOI00juAAAA&sa=X&ved=2ahUKEwirhqytlOTtAhVGrFkKHYCbA-wQri4wPHoECBIQcQ","Nashville Hot Kentucky Grilled Chicken Drumstick","43 Grams","100","Cholesterol 55 mg18%","Sodium 260 mg10%","Total Fat 6 g9%","null","Trans fat regulation 0 g","Total Carbohydrate 0 g0%","Dietary fiber 0 g0%","Sugar 0 g"
"1608728499-226","https://www.google.com/search?rlz=1C1CHBF_enUS905US905&ei=ebDgX67tB6yA5wLY27CICQ&q=kfc+menu+nutrition&oq=kfc+menu+n&gs_lcp=CgZwc3ktYWIQAxgAMgUIABCRAjIFCAAQyQMyBQgAEJIDMgIIADICCAAyAggAMgIIADICCAAyAggAMgIIADoECAAQRzoECAAQQzoICAAQsQMQgwE6CAgAELEDEMkDOggILhDHARCvAToLCAAQsQMQgwEQkQI6BwgAELEDEEM6BQgAELEDUOwOWNofYNInaABwAngAgAFyiAHLBJIBAzUuMpgBAKABAaoBB2d3cy13aXrIAQjAAQE&sclient=psy-ab","Spicy Crispy Chicken Thigh270 Calories · Spicy crispy chicken","https://www.google.com/search?rlz=1C1CHBF_enUS905US905&q=kfc+spicy+crispy+chicken+thigh&stick=H4sIAAAAAAAAAONgFuLQz9U3sEwyK1Hi1U_XNzTMsihIys2osNRSzk620k_Lz0_Rz03NK40vKMovy0xJLbIC81LzSooyU4sfMZZwC7z8cU9YKnvSmpPXGFO5iNElZMXF5ppXkllSKSTFxSMFd4EGgxQXF5wnJaIlxCn4pOvRx4xVDYIf-o5s4U1Q_WLFpMHIs4hVLjstWaG4IDO5UiG5KLO4AEhlZCZnp-YplGRkpmcAAKVi75_YAAAA&sa=X&ved=2ahUKEwirhqytlOTtAhVGrFkKHYCbA-wQri4wLHoECBIQUQ","Spicy Crispy Chicken Thigh","79 Grams","270","Cholesterol 65 mg21%","Sodium 720 mg30%","Total Fat 20 g30%","null","Trans fat regulation 0 g","Total Carbohydrate 10 g3%","Dietary fiber 1 g4%","Sugar 0 g"
"1608728448-203","https://www.google.com/search?rlz=1C1CHBF_enUS905US905&ei=ebDgX67tB6yA5wLY27CICQ&q=kfc+menu+nutrition&oq=kfc+menu+n&gs_lcp=CgZwc3ktYWIQAxgAMgUIABCRAjIFCAAQyQMyBQgAEJIDMgIIADICCAAyAggAMgIIADICCAAyAggAMgIIADoECAAQRzoECAAQQzoICAAQsQMQgwE6CAgAELEDEMkDOggILhDHARCvAToLCAAQsQMQgwEQkQI6BwgAELEDEEM6BQgAELEDUOwOWNofYNInaABwAngAgAFyiAHLBJIBAzUuMpgBAKABAaoBB2d3cy13aXrIAQjAAQE&sclient=psy-ab","Biscuit180 Calories · Homestyle sides (individual)","https://www.google.com/search?rlz=1C1CHBF_enUS905US905&q=kfc+biscuit&stick=H4sIAAAAAAAAAONgFuLQz9U3sEwyK1Hi1U_XNzTMMjYwNCkoytVSzk620k_Lz0_Rz03NK40vKMovy0xJLbIC81LzSooyU4sfMZZwC7z8cU9YKnvSmpPXGFO5iNElZMXF5ppXkllSKSTFxSMFd4EGgxQXF5wnJaIlxCn4pOvRx4xVDYIf-o5s4U1Q_WLFpMHIs4iVOzstWSEpszi5NLMEAB0cwEjFAAAA&sa=X&ved=2ahUKEwirhqytlOTtAhVGrFkKHYCbA-wQri4wQ3oECBIQfw","Biscuit","1 Biscuit","180","Cholesterol 0 mg0%","Sodium 520 mg21%","Total Fat 8 g12%","null","Trans fat regulation 0 g","Total Carbohydrate 22 g7%","Dietary fiber 1 g4%","Sugar 1 g"
"1608728484-219","https://www.google.com/search?rlz=1C1CHBF_enUS905US905&ei=ebDgX67tB6yA5wLY27CICQ&q=kfc+menu+nutrition&oq=kfc+menu+n&gs_lcp=CgZwc3ktYWIQAxgAMgUIABCRAjIFCAAQyQMyBQgAEJIDMgIIADICCAAyAggAMgIIADICCAAyAggAMgIIADoECAAQRzoECAAQQzoICAAQsQMQgwE6CAgAELEDEMkDOggILhDHARCvAToLCAAQsQMQgwEQkQI6BwgAELEDEEM6BQgAELEDUOwOWNofYNInaABwAngAgAFyiAHLBJIBAzUuMpgBAKABAaoBB2d3cy13aXrIAQjAAQE&sclient=psy-ab","Nashville Hot Spicy Crispy Chicken Breast540 Calories · Nashville hot chicken","https://www.google.com/search?rlz=1C1CHBF_enUS905US905&q=kfc+nashville+hot+spicy+crispy+chicken+breast&stick=H4sIAAAAAAAAAONgFuLQz9U3sEwyK1Hi1U_XNzRMKy40NSkyKtRSzk620k_Lz0_Rz03NK40vKMovy0xJLbIC81LzSooyU4sfMZZwC7z8cU9YKnvSmpPXGFO5iNElZMXF5ppXkllSKSTFxSMFd4EGgxQXF5wnJaIlxCn4pOvRx4xVDYIf-o5s4U1Q_WLFpMHIs4hVNzstWSEvsTijLDMnJ1UhI79EobggM7lSIbkos7gASGVkJmen5ikkFaUmFpcAAEsxUp7nAAAA&sa=X&ved=2ahUKEwirhqytlOTtAhVGrFkKHYCbA-wQri4wM3oECBIQXw","Nashville Hot Spicy Crispy Chicken Breast","171 Grams","540","Cholesterol 100 mg33%","Sodium 1,390 mg57%","Total Fat 40 g61%","Saturated fat 7 g35%","Trans fat regulation 0 g","Total Carbohydrate 14 g4%","Dietary fiber 2 g8%","Sugar 1 g"
"1608728504-228","https://www.google.com/search?rlz=1C1CHBF_enUS905US905&ei=ebDgX67tB6yA5wLY27CICQ&q=kfc+menu+nutrition&oq=kfc+menu+n&gs_lcp=CgZwc3ktYWIQAxgAMgUIABCRAjIFCAAQyQMyBQgAEJIDMgIIADICCAAyAggAMgIIADICCAAyAggAMgIIADoECAAQRzoECAAQQzoICAAQsQMQgwE6CAgAELEDEMkDOggILhDHARCvAToLCAAQsQMQgwEQkQI6BwgAELEDEEM6BQgAELEDUOwOWNofYNInaABwAngAgAFyiAHLBJIBAzUuMpgBAKABAaoBB2d3cy13aXrIAQjAAQE&sclient=psy-ab","Kentucky Grilled Chicken Whole Wing70 Calories · Kentucky grilled chicken","https://www.google.com/search?rlz=1C1CHBF_enUS905US905&q=kfc+kentucky+grilled+chicken+whole+wing&stick=H4sIAAAAAAAAAONgFuLQz9U3sEwyK1Hi1U_XNzTMMjYwqCo3M9JSzk620k_Lz0_Rz03NK40vKMovy0xJLbIC81LzSooyU4sfMZZwC7z8cU9YKnvSmpPXGFO5iNElZMXF5ppXkllSKSTFxSMFd4EGgxQXF5wnJaIlxCn4pOvRx4xVDYIf-o5s4U1Q_WLFpMHIs4hVPTstWSEbaF5pcnalQnpRZk5OaopCckZmMlBQoTwjPydVoTwzLx0AoILADuEAAAA&sa=X&ved=2ahUKEwirhqytlOTtAhVGrFkKHYCbA-wQri4wKnoECBIQTQ","Kentucky Grilled Chicken Whole Wing","30 Grams","70","Cholesterol 45 mg15%","Sodium 180 mg7%","Total Fat 3 g4%","Saturated fat 1 g5%","Trans fat regulation 0 g","Total Carbohydrate 0 g0%","Dietary fiber 0 g0%","Sugar 0 g"
"1608728524-237","https://www.google.com/search?rlz=1C1CHBF_enUS905US905&ei=ebDgX67tB6yA5wLY27CICQ&q=kfc+menu+nutrition&oq=kfc+menu+n&gs_lcp=CgZwc3ktYWIQAxgAMgUIABCRAjIFCAAQyQMyBQgAEJIDMgIIADICCAAyAggAMgIIADICCAAyAggAMgIIADoECAAQRzoECAAQQzoICAAQsQMQgwE6CAgAELEDEMkDOggILhDHARCvAToLCAAQsQMQgwEQkQI6BwgAELEDEEM6BQgAELEDUOwOWNofYNInaABwAngAgAFyiAHLBJIBAzUuMpgBAKABAaoBB2d3cy13aXrIAQjAAQE&sclient=psy-ab","Original Recipe Chicken Drumstick130 Calories · Original recipe chicken","https://www.google.com/search?rlz=1C1CHBF_enUS905US905&q=kfc+original+recipe+chicken+drumstick&stick=H4sIAAAAAAAAAONgFuLQz9U3sEwyK1Hi1U_XNzTMsihIyjOMT9JSzk620k_Lz0_Rz03NK40vKMovy0xJLbIC81LzSooyU4sfMZZwC7z8cU9YKnvSmpPXGFO5iNElZMXF5ppXkllSKSTFxSMFd4EGgxQXF5wnJaIlxCn4pOvRx4xVDYIf-o5s4U1Q_WLFpMHIs4hVNTstWSG_KDM9My8xR6EoNTmzIFUhOSMzOTs1TyGlqDS3uATIBgC6gp-G3wAAAA&sa=X&ved=2ahUKEwirhqytlOTtAhVGrFkKHYCbA-wQri4wIXoECBIQOw","Original Recipe Chicken Drumstick","53 Grams","130","Cholesterol 55 mg18%","Sodium 430 mg17%","Total Fat 8 g12%","null","Trans fat regulation 0 g","Total Carbohydrate 4 g1%","Dietary fiber 1 g4%","Sugar 0 g"
"1608728493-223","https://www.google.com/search?rlz=1C1CHBF_enUS905US905&ei=ebDgX67tB6yA5wLY27CICQ&q=kfc+menu+nutrition&oq=kfc+menu+n&gs_lcp=CgZwc3ktYWIQAxgAMgUIABCRAjIFCAAQyQMyBQgAEJIDMgIIADICCAAyAggAMgIIADICCAAyAggAMgIIADoECAAQRzoECAAQQzoICAAQsQMQgwE6CAgAELEDEMkDOggILhDHARCvAToLCAAQsQMQgwEQkQI6BwgAELEDEEM6BQgAELEDUOwOWNofYNInaABwAngAgAFyiAHLBJIBAzUuMpgBAKABAaoBB2d3cy13aXrIAQjAAQE&sclient=psy-ab","Extra Crispy Tender260 Calories · Extra crispy tenders","https://www.google.com/search?rlz=1C1CHBF_enUS905US905&q=kfc+extra+crispy+tender&stick=H4sIAAAAAAAAAONgFuLQz9U3sEwyK1Hi1U_XNzRMKy40NcmpLNRSzk620k_Lz0_Rz03NK40vKMovy0xJLbIC81LzSooyU4sfMZZwC7z8cU9YKnvSmpPXGFO5iNElZMXF5ppXkllSKSTFxSMFd4EGgxQXF5wnJaIlxCn4pOvRx4xVDYIf-o5s4U1Q_WLFpMHIs4hVPDstWSG1oqQoUSG5KLO4oFKhJDUPaA8ATC5DE9EAAAA&sa=X&ved=2ahUKEwirhqytlOTtAhVGrFkKHYCbA-wQri4wL3oECBIQVw","Extra Crispy Tender","100 Grams","260","Cholesterol 50 mg16%","Sodium 610 mg25%","Total Fat 14 g21%","Saturated fat 2 g10%","Trans fat regulation 0 g","Total Carbohydrate 15 g5%","Dietary fiber 1 g4%","Sugar 0 g"
"1608728441-200","https://www.google.com/search?rlz=1C1CHBF_enUS905US905&ei=ebDgX67tB6yA5wLY27CICQ&q=kfc+menu+nutrition&oq=kfc+menu+n&gs_lcp=CgZwc3ktYWIQAxgAMgUIABCRAjIFCAAQyQMyBQgAEJIDMgIIADICCAAyAggAMgIIADICCAAyAggAMgIIADoECAAQRzoECAAQQzoICAAQsQMQgwE6CAgAELEDEMkDOggILhDHARCvAToLCAAQsQMQgwEQkQI6BwgAELEDEEM6BQgAELEDUOwOWNofYNInaABwAngAgAFyiAHLBJIBAzUuMpgBAKABAaoBB2d3cy13aXrIAQjAAQE&sclient=psy-ab","Macaroni Salad140 Calories · Homestyle sides (individual)","https://www.google.com/search?rlz=1C1CHBF_enUS905US905&q=kfc+macaroni+salad&stick=H4sIAAAAAAAAAONgFuLQz9U3sEwyK1Hi1U_XNzRMKy40NTVOz9BSzk620k_Lz0_Rz03NK40vKMovy0xJLbIC81LzSooyU4sfMZZwC7z8cU9YKnvSmpPXGFO5iNElZMXF5ppXkllSKSTFxSMFd4EGgxQXF5wnJaIlxCn4pOvRx4xVDYIf-o5s4U1Q_WLFpMHIs4hVKDstWSE3MTmxKD8vU6E4MScxBQBsqa-LzAAAAA&sa=X&ved=2ahUKEwirhqytlOTtAhVGrFkKHYCbA-wQri4wRnoFCBIQhQE","Macaroni Salad","1 Side","140","Cholesterol 15 mg5%","Sodium 290 mg12%","Total Fat 8 g12%","Saturated fat 1 g5%","Trans fat regulation 0 g","Total Carbohydrate 14 g4%","Dietary fiber 0 g0%","Sugar 9 g"
"1608728468-212","https://www.google.com/search?rlz=1C1CHBF_enUS905US905&ei=ebDgX67tB6yA5wLY27CICQ&q=kfc+menu+nutrition&oq=kfc+menu+n&gs_lcp=CgZwc3ktYWIQAxgAMgUIABCRAjIFCAAQyQMyBQgAEJIDMgIIADICCAAyAggAMgIIADICCAAyAggAMgIIADoECAAQRzoECAAQQzoICAAQsQMQgwE6CAgAELEDEMkDOggILhDHARCvAToLCAAQsQMQgwEQkQI6BwgAELEDEEM6BQgAELEDUOwOWNofYNInaABwAngAgAFyiAHLBJIBAzUuMpgBAKABAaoBB2d3cy13aXrIAQjAAQE&sclient=psy-ab","Nashville Hot Kentucky Grilled Chicken Thigh180 Calories · Nashville hot chicken","https://www.google.com/search?rlz=1C1CHBF_enUS905US905&q=kfc+nashville+hot+kentucky+grilled+chicken+thigh&stick=H4sIAAAAAAAAAONgFuLQz9U3sEwyK1Hi1U_XNzRMKy40TTY2N9RSzk620k_Lz0_Rz03NK40vKMovy0xJLbIC81LzSooyU4sfMZZwC7z8cU9YKnvSmpPXGFO5iNElZMXF5ppXkllSKSTFxSMFd4EGgxQXF5wnJaIlxCn4pOvRx4xVDYIf-o5s4U1Q_WLFpMHIs4jVIDstWSEvsTijLDMnJ1UhI79EIRtoemlydqVCehFILEUhOSMzGSioUJKRmZ4BAJIYjuHqAAAA&sa=X&ved=2ahUKEwirhqytlOTtAhVGrFkKHYCbA-wQri4wOnoECBIQbQ","Nashville Hot Kentucky Grilled Chicken Thigh","74 Grams","180","Cholesterol 90 mg30%","Sodium 470 mg19%","Total Fat 12 g18%","null","Trans fat regulation 0 g","Total Carbohydrate 0 g0%","Dietary fiber 0 g0%","Sugar 0 g"
"1608728450-204","https://www.google.com/search?rlz=1C1CHBF_enUS905US905&ei=ebDgX67tB6yA5wLY27CICQ&q=kfc+menu+nutrition&oq=kfc+menu+n&gs_lcp=CgZwc3ktYWIQAxgAMgUIABCRAjIFCAAQyQMyBQgAEJIDMgIIADICCAAyAggAMgIIADICCAAyAggAMgIIADoECAAQRzoECAAQQzoICAAQsQMQgwE6CAgAELEDEMkDOggILhDHARCvAToLCAAQsQMQgwEQkQI6BwgAELEDEEM6BQgAELEDUOwOWNofYNInaABwAngAgAFyiAHLBJIBAzUuMpgBAKABAaoBB2d3cy13aXrIAQjAAQE&sclient=psy-ab","BBQ Baked Beans190 Calories · Homestyle sides (individual)","https://www.google.com/search?rlz=1C1CHBF_enUS905US905&q=kfc+bbq+baked+beans&stick=H4sIAAAAAAAAAONgFuLQz9U3sEwyK1Hi1U_XNzTMsihIyi6sKtdSzk620k_Lz0_Rz03NK40vKMovy0xJLbIC81LzSooyU4sfMZZwC7z8cU9YKnvSmpPXGFO5iNElZMXF5ppXkllSKSTFxSMFd4EGgxQXF5wnJaIlxCn4pOvRx4xVDYIf-o5s4U1Q_WLFpMHIs4hVODstWSEpqVAhKTE7NUUhKTUxrxgAsUMmoc0AAAA&sa=X&ved=2ahUKEwirhqytlOTtAhVGrFkKHYCbA-wQri4wQnoECBIQfQ","BBQ Baked Beans","1 Side","190","Cholesterol 0 mg0%","Sodium 650 mg27%","Total Fat 1 g1%","Saturated fat 0 g0%","Trans fat regulation 0 g","Total Carbohydrate 34 g11%","Dietary fiber 7 g28%","Sugar 15 g"
"1608728461-209","https://www.google.com/search?rlz=1C1CHBF_enUS905US905&ei=ebDgX67tB6yA5wLY27CICQ&q=kfc+menu+nutrition&oq=kfc+menu+n&gs_lcp=CgZwc3ktYWIQAxgAMgUIABCRAjIFCAAQyQMyBQgAEJIDMgIIADICCAAyAggAMgIIADICCAAyAggAMgIIADoECAAQRzoECAAQQzoICAAQsQMQgwE6CAgAELEDEMkDOggILhDHARCvAToLCAAQsQMQgwEQkQI6BwgAELEDEEM6BQgAELEDUOwOWNofYNInaABwAngAgAFyiAHLBJIBAzUuMpgBAKABAaoBB2d3cy13aXrIAQjAAQE&sclient=psy-ab","Nashville Hot Kentucky Grilled Chicken Whole Wing90 Calories · Nashville hot chicken","https://www.google.com/search?rlz=1C1CHBF_enUS905US905&q=kfc+nashville+hot+kentucky+grilled+chicken+whole+wing&stick=H4sIAAAAAAAAAONgFuLQz9U3sEwyK1Hi1U_XNzTMMjYwiK-yMNVSzk620k_Lz0_Rz03NK40vKMovy0xJLbIC81LzSooyU4sfMZZwC7z8cU9YKnvSmpPXGFO5iNElZMXF5ppXkllSKSTFxSMFd4EGgxQXF5wnJaIlxCn4pOvRx4xVDYIf-o5s4U1Q_WLFpMHIs4jVNDstWSEvsTijLDMnJ1UhI79EIRtoemlydqVCehFILEUhOSMzGSioUJ6RD1RSnpmXDgD_4Ylf7wAAAA&sa=X&ved=2ahUKEwirhqytlOTtAhVGrFkKHYCbA-wQri4wPXoECBIQcw","Nashville Hot Kentucky Grilled Chicken Whole Wing","33 Grams","90","Cholesterol 45 mg15%","Sodium 210 mg8%","Total Fat 6 g9%","null","Trans fat regulation 0 g","Total Carbohydrate 1 g0%","Dietary fiber 0 g0%","Sugar 0 g"
"1608728506-229","https://www.google.com/search?rlz=1C1CHBF_enUS905US905&ei=ebDgX67tB6yA5wLY27CICQ&q=kfc+menu+nutrition&oq=kfc+menu+n&gs_lcp=CgZwc3ktYWIQAxgAMgUIABCRAjIFCAAQyQMyBQgAEJIDMgIIADICCAAyAggAMgIIADICCAAyAggAMgIIADoECAAQRzoECAAQQzoICAAQsQMQgwE6CAgAELEDEMkDOggILhDHARCvAToLCAAQsQMQgwEQkQI6BwgAELEDEEM6BQgAELEDUOwOWNofYNInaABwAngAgAFyiAHLBJIBAzUuMpgBAKABAaoBB2d3cy13aXrIAQjAAQE&sclient=psy-ab","Kentucky Grilled Chicken Drumstick80 Calories · Kentucky grilled chicken","https://www.google.com/search?rlz=1C1CHBF_enUS905US905&q=kfc+kentucky+grilled+chicken+drumstick&stick=H4sIAAAAAAAAAONgFuLQz9U3sEwyK1Hi1U_XNzTMMjYwiM9JL9NSzk620k_Lz0_Rz03NK40vKMovy0xJLbIC81LzSooyU4sfMZZwC7z8cU9YKnvSmpPXGFO5iNElZMXF5ppXkllSKSTFxSMFd4EGgxQXF5wnJaIlxCn4pOvRx4xVDYIf-o5s4U1Q_WLFpMHIs4hVLTstWSEbaF5pcnalQnpRZk5OaopCckZmMlBQIaWoNLe4BMgGAOfiKangAAAA&sa=X&ved=2ahUKEwirhqytlOTtAhVGrFkKHYCbA-wQri4wKXoECBIQSw","Kentucky Grilled Chicken Drumstick","41 Grams","80","Cholesterol 55 mg18%","Sodium 220 mg9%","Total Fat 4 g6%","Saturated fat 1 g5%","Trans fat regulation 0 g","Total Carbohydrate 0 g0%","Dietary fiber 0 g0%","Sugar 0 g"
"1608728522-236","https://www.google.com/search?rlz=1C1CHBF_enUS905US905&ei=ebDgX67tB6yA5wLY27CICQ&q=kfc+menu+nutrition&oq=kfc+menu+n&gs_lcp=CgZwc3ktYWIQAxgAMgUIABCRAjIFCAAQyQMyBQgAEJIDMgIIADICCAAyAggAMgIIADICCAAyAggAMgIIADoECAAQRzoECAAQQzoICAAQsQMQgwE6CAgAELEDEMkDOggILhDHARCvAToLCAAQsQMQgwEQkQI6BwgAELEDEEM6BQgAELEDUOwOWNofYNInaABwAngAgAFyiAHLBJIBAzUuMpgBAKABAaoBB2d3cy13aXrIAQjAAQE&sclient=psy-ab","Original Recipe Chicken Whole Wing130 Calories · Original recipe chicken","https://www.google.com/search?rlz=1C1CHBF_enUS905US905&q=kfc+original+recipe+chicken+whole+wing&stick=H4sIAAAAAAAAAONgFuLQz9U3sEwyK1Hi1U_XNzRMKy40TTFMj9dSzk620k_Lz0_Rz03NK40vKMovy0xJLbIC81LzSooyU4sfMZZwC7z8cU9YKnvSmpPXGFO5iNElZMXF5ppXkllSKSTFxSMFd4EGgxQXF5wnJaIlxCn4pOvRx4xVDYIf-o5s4U1Q_WLFpMHIs4hVLTstWSG_KDM9My8xR6EoNTmzIFUhOSMzOTs1T6E8Iz8nVaE8My8dABW1qw3gAAAA&sa=X&ved=2ahUKEwirhqytlOTtAhVGrFkKHYCbA-wQri4wInoECBIQPQ","Original Recipe Chicken Whole Wing","43 Grams","130","Cholesterol 55 mg18%","Sodium 380 mg15%","Total Fat 8 g12%","Saturated fat 2 g10%","Trans fat regulation 0 g","Total Carbohydrate 3 g1%","Dietary fiber 0 g0%","Sugar 0 g"
"1608728526-238","https://www.google.com/search?rlz=1C1CHBF_enUS905US905&ei=ebDgX67tB6yA5wLY27CICQ&q=kfc+menu+nutrition&oq=kfc+menu+n&gs_lcp=CgZwc3ktYWIQAxgAMgUIABCRAjIFCAAQyQMyBQgAEJIDMgIIADICCAAyAggAMgIIADICCAAyAggAMgIIADoECAAQRzoECAAQQzoICAAQsQMQgwE6CAgAELEDEMkDOggILhDHARCvAToLCAAQsQMQgwEQkQI6BwgAELEDEEM6BQgAELEDUOwOWNofYNInaABwAngAgAFyiAHLBJIBAzUuMpgBAKABAaoBB2d3cy13aXrIAQjAAQE&sclient=psy-ab","Original Recipe Chicken Thigh280 Calories · Original recipe chicken","https://www.google.com/search?rlz=1C1CHBF_enUS905US905&q=kfc+original+recipe+chicken+thigh&stick=H4sIAAAAAAAAAONgFuLQz9U3sEwyK1Hi1U_XNzTMMjYwKClJN9RSzk620k_Lz0_Rz03NK40vKMovy0xJLbIC81LzSooyU4sfMZZwC7z8cU9YKnvSmpPXGFO5iNElZMXF5ppXkllSKSTFxSMFd4EGgxQXF5wnJaIlxCn4pOvRx4xVDYIf-o5s4U1Q_WLFpMHIs4hVMTstWSG_KDM9My8xR6EoNTmzIFUhOSMzOTs1T6EkIzM9AwCIartW2wAAAA&sa=X&ved=2ahUKEwirhqytlOTtAhVGrFkKHYCbA-wQri4wIHoECBIQOQ","Original Recipe Chicken Thigh","104 Grams","280","Cholesterol 100 mg33%","Sodium 910 mg37%","Total Fat 19 g29%","null","Trans fat regulation 0 g","Total Carbohydrate 8 g2%","Dietary fiber 1 g4%","Sugar 0 g"
"1608728508-230","https://www.google.com/search?rlz=1C1CHBF_enUS905US905&ei=ebDgX67tB6yA5wLY27CICQ&q=kfc+menu+nutrition&oq=kfc+menu+n&gs_lcp=CgZwc3ktYWIQAxgAMgUIABCRAjIFCAAQyQMyBQgAEJIDMgIIADICCAAyAggAMgIIADICCAAyAggAMgIIADoECAAQRzoECAAQQzoICAAQsQMQgwE6CAgAELEDEMkDOggILhDHARCvAToLCAAQsQMQgwEQkQI6BwgAELEDEEM6BQgAELEDUOwOWNofYNInaABwAngAgAFyiAHLBJIBAzUuMpgBAKABAaoBB2d3cy13aXrIAQjAAQE&sclient=psy-ab","Kentucky Grilled Chicken Thigh150 Calories · Kentucky grilled chicken","https://www.google.com/search?rlz=1C1CHBF_enUS905US905&q=kfc+kentucky+grilled+chicken+thigh&stick=H4sIAAAAAAAAAONgFuLQz9U3sEwyK1Hi1U_XNzTMsihIMjMsMtBSzk620k_Lz0_Rz03NK40vKMovy0xJLbIC81LzSooyU4sfMZZwC7z8cU9YKnvSmpPXGFO5iNElZMXF5ppXkllSKSTFxSMFd4EGgxQXF5wnJaIlxCn4pOvRx4xVDYIf-o5s4U1Q_WLFpMHIs4hVKTstWSEbaF5pcnalQnpRZk5OaopCckZmMlBQoSQjMz0DAHQw7LbcAAAA&sa=X&ved=2ahUKEwirhqytlOTtAhVGrFkKHYCbA-wQri4wKHoECBIQSQ","Kentucky Grilled Chicken Thigh","71 Grams","150","Cholesterol 90 mg30%","Sodium 420 mg17%","Total Fat 9 g13%","Saturated fat 3 g15%","Trans fat regulation 0 g","Total Carbohydrate 0 g0%","Dietary fiber 0 g0%","Sugar 0 g"
"1608728511-231","https://www.google.com/search?rlz=1C1CHBF_enUS905US905&ei=ebDgX67tB6yA5wLY27CICQ&q=kfc+menu+nutrition&oq=kfc+menu+n&gs_lcp=CgZwc3ktYWIQAxgAMgUIABCRAjIFCAAQyQMyBQgAEJIDMgIIADICCAAyAggAMgIIADICCAAyAggAMgIIADoECAAQRzoECAAQQzoICAAQsQMQgwE6CAgAELEDEMkDOggILhDHARCvAToLCAAQsQMQgwEQkQI6BwgAELEDEEM6BQgAELEDUOwOWNofYNInaABwAngAgAFyiAHLBJIBAzUuMpgBAKABAaoBB2d3cy13aXrIAQjAAQE&sclient=psy-ab","Kentucky Grilled Chicken Breast210 Calories · Kentucky grilled chicken","https://www.google.com/search?rlz=1C1CHBF_enUS905US905&q=kfc+kentucky+grilled+chicken+breast&stick=H4sIAAAAAAAAAONgFuLQz9U3sEwyK1Hi1U_XNzTMsihISjeozNNSzk620k_Lz0_Rz03NK40vKMovy0xJLbIC81LzSooyU4sfMZZwC7z8cU9YKnvSmpPXGFO5iNElZMXF5ppXkllSKSTFxSMFd4EGgxQXF5wnJaIlxCn4pOvRx4xVDYIf-o5s4U1Q_WLFpMHIs4hVOTstWSEbaF5pcnalQnpRZk5OaopCckZmMlBQIakoNbG4BACWydKY3QAAAA&sa=X&ved=2ahUKEwirhqytlOTtAhVGrFkKHYCbA-wQri4wJ3oECBIQRw","Kentucky Grilled Chicken Breast","131 Grams","210","Cholesterol 130 mg43%","Sodium 710 mg29%","Total Fat 7 g10%","Saturated fat 2 g10%","Trans fat regulation 0 g","Total Carbohydrate 0 g0%","Dietary fiber 0 g0%","Sugar 0 g"
"1608728452-205","https://www.google.com/search?rlz=1C1CHBF_enUS905US905&ei=ebDgX67tB6yA5wLY27CICQ&q=kfc+menu+nutrition&oq=kfc+menu+n&gs_lcp=CgZwc3ktYWIQAxgAMgUIABCRAjIFCAAQyQMyBQgAEJIDMgIIADICCAAyAggAMgIIADICCAAyAggAMgIIADoECAAQRzoECAAQQzoICAAQsQMQgwE6CAgAELEDEMkDOggILhDHARCvAToLCAAQsQMQgwEQkQI6BwgAELEDEEM6BQgAELEDUOwOWNofYNInaABwAngAgAFyiAHLBJIBAzUuMpgBAKABAaoBB2d3cy13aXrIAQjAAQE&sclient=psy-ab","KFC Cornbread Muffin210 Calories · Homestyle sides (individual)","https://www.google.com/search?rlz=1C1CHBF_enUS905US905&q=kfc+kfc+cornbread+muffin&stick=H4sIAAAAAAAAAONgFuLQz9U3sEwyK1Hi1U_XNzRMKy40NS_Oy9ZSzk620k_Lz0_Rz03NK40vKMovy0xJLbIC81LzSooyU4sfMZZwC7z8cU9YKnvSmpPXGFO5iNElZMXF5ppXkllSKSTFxSMFd4EGgxQXF5wnJaIlxCn4pOvRx4xVDYIf-o5s4U1Q_WLFpMHIs4hVIjstWQGEk_OL8pKKUhNTFHJL09Iy8wDzhI_s0gAAAA&sa=X&ved=2ahUKEwirhqytlOTtAhVGrFkKHYCbA-wQri4wQXoECBIQew","KFC Cornbread Muffin","1 Piece","210","Cholesterol 35 mg11%","Sodium 240 mg10%","Total Fat 9 g13%","null","Trans fat regulation 0 g","Total Carbohydrate 28 g9%","Dietary fiber 1 g4%","Sugar 11 g"
"1608728423-192","https://www.google.com/search?rlz=1C1CHBF_enUS905US905&ei=ebDgX67tB6yA5wLY27CICQ&q=kfc+menu+nutrition&oq=kfc+menu+n&gs_lcp=CgZwc3ktYWIQAxgAMgUIABCRAjIFCAAQyQMyBQgAEJIDMgIIADICCAAyAggAMgIIADICCAAyAggAMgIIADoECAAQRzoECAAQQzoICAAQsQMQgwE6CAgAELEDEMkDOggILhDHARCvAToLCAAQsQMQgwEQkQI6BwgAELEDEEM6BQgAELEDUOwOWNofYNInaABwAngAgAFyiAHLBJIBAzUuMpgBAKABAaoBB2d3cy13aXrIAQjAAQE&sclient=psy-ab","Honey BBQ Sandwich350 Calories · Sandwiches","https://www.google.com/search?rlz=1C1CHBF_enUS905US905&q=kfc+honey+bbq+sandwich&stick=H4sIAAAAAAAAAONgFuLQz9U3sEwyK1Hi1U_XNzTMMjYwNDEqMdVSzk620k_Lz0_Rz03NK40vKMovy0xJLbIC81LzSooyU4sfMZZwC7z8cU9YKnvSmpPXGFO5iNElZMXF5ppXkllSKSTFxSMFd4EGgxQXF5wnJaIlxCn4pOvRx4xVDYIf-o5s4U1Q_WLFpMHIs4hVLDstWSEjPy-1UiEpqVChODEvpTwzOQMAv7frztAAAAA&sa=X&ved=2ahUKEwirhqytlOTtAhVGrFkKHYCbA-wQri4wTnoFCBIQlQE","Honey BBQ Sandwich","1 Sandwich","350","Cholesterol 55 mg18%","Sodium 1,350 mg56%","null","null","Trans fat regulation 0 g","Total Carbohydrate 55 g18%","Dietary fiber 2 g8%","Sugar 22 g"
"1608728443-201","https://www.google.com/search?rlz=1C1CHBF_enUS905US905&ei=ebDgX67tB6yA5wLY27CICQ&q=kfc+menu+nutrition&oq=kfc+menu+n&gs_lcp=CgZwc3ktYWIQAxgAMgUIABCRAjIFCAAQyQMyBQgAEJIDMgIIADICCAAyAggAMgIIADICCAAyAggAMgIIADoECAAQRzoECAAQQzoICAAQsQMQgwE6CAgAELEDEMkDOggILhDHARCvAToLCAAQsQMQgwEQkQI6BwgAELEDEEM6BQgAELEDUOwOWNofYNInaABwAngAgAFyiAHLBJIBAzUuMpgBAKABAaoBB2d3cy13aXrIAQjAAQE&sclient=psy-ab","Macaroni & Cheese140 Calories · Homestyle sides (individual)","https://www.google.com/search?rlz=1C1CHBF_enUS905US905&q=kfc+macaroni+%26+cheese&stick=H4sIAAAAAAAAAONgFuLQz9U3sEwyK1Hi1U_XNzRMKy40Tc9KSdZSzk620k_Lz0_Rz03NK40vKMovy0xJLbIC81LzSooyU4sfMZZwC7z8cU9YKnvSmpPXGFO5iNElZMXF5ppXkllSKSTFxSMFd4EGgxQXF5wnJaIlxCn4pOvRx4xVDYIf-o5s4U1Q_WLFpMHIs4hVNDstWSE3MTmxKD8vU0FNITkjNbU4FQCHZM8GzwAAAA&sa=X&ved=2ahUKEwirhqytlOTtAhVGrFkKHYCbA-wQri4wRXoFCBIQgwE","Macaroni & Cheese","1 Side","140","Cholesterol 5 mg1%","Sodium 590 mg24%","Total Fat 6 g9%","null","Trans fat regulation 0 g","Total Carbohydrate 17 g5%","Dietary fiber 1 g4%","Sugar 2 g"
"1608728529-239","https://www.google.com/search?rlz=1C1CHBF_enUS905US905&ei=ebDgX67tB6yA5wLY27CICQ&q=kfc+menu+nutrition&oq=kfc+menu+n&gs_lcp=CgZwc3ktYWIQAxgAMgUIABCRAjIFCAAQyQMyBQgAEJIDMgIIADICCAAyAggAMgIIADICCAAyAggAMgIIADoECAAQRzoECAAQQzoICAAQsQMQgwE6CAgAELEDEMkDOggILhDHARCvAToLCAAQsQMQgwEQkQI6BwgAELEDEEM6BQgAELEDUOwOWNofYNInaABwAngAgAFyiAHLBJIBAzUuMpgBAKABAaoBB2d3cy13aXrIAQjAAQE&sclient=psy-ab","Original Recipe Chicken Breast390 Calories · Original recipe chicken","https://www.google.com/search?rlz=1C1CHBF_enUS905US905&q=kfc+original+recipe+chicken+breast&stick=H4sIAAAAAAAAAONgFuLQz9U3sEwyK1Hi1U_XNzTMMjYwiDc0KNdSzk620k_Lz0_Rz03NK40vKMovy0xJLbIC81LzSooyU4sfMZZwC7z8cU9YKnvSmpPXGFO5iNElZMXF5ppXkllSKSTFxSMFd4EGgxQXF5wnJaIlxCn4pOvRx4xVDYIf-o5s4U1Q_WLFpMHIs4hVKTstWSG_KDM9My8xR6EoNTmzIFUhOSMzOTs1TyGpKDWxuAQA6B47BdwAAAA&sa=X&ved=2ahUKEwirhqytlOTtAhVGrFkKHYCbA-wQri4wH3oECBIQNw","Original Recipe Chicken Breast","172 Grams","390","Cholesterol 120 mg40%","Sodium 1,190 mg49%","Total Fat 21 g32%","Saturated fat 4 g20%","Trans fat regulation 0 g","Total Carbohydrate 11 g3%","Dietary fiber 2 g8%","Sugar 0 g"
"1608728520-235","https://www.google.com/search?rlz=1C1CHBF_enUS905US905&ei=ebDgX67tB6yA5wLY27CICQ&q=kfc+menu+nutrition&oq=kfc+menu+n&gs_lcp=CgZwc3ktYWIQAxgAMgUIABCRAjIFCAAQyQMyBQgAEJIDMgIIADICCAAyAggAMgIIADICCAAyAggAMgIIADoECAAQRzoECAAQQzoICAAQsQMQgwE6CAgAELEDEMkDOggILhDHARCvAToLCAAQsQMQgwEQkQI6BwgAELEDEEM6BQgAELEDUOwOWNofYNInaABwAngAgAFyiAHLBJIBAzUuMpgBAKABAaoBB2d3cy13aXrIAQjAAQE&sclient=psy-ab","Extra Crispy Chicken Breast530 Calories · Extra crispy chicken","https://www.google.com/search?rlz=1C1CHBF_enUS905US905&q=kfc+extra+crispy+chicken+breast&stick=H4sIAAAAAAAAAONgFuLQz9U3sEwyK1Hi1U_XNzTMMjYwiK9Kz9NSzk620k_Lz0_Rz03NK40vKMovy0xJLbIC81LzSooyU4sfMZZwC7z8cU9YKnvSmpPXGFO5iNElZMXF5ppXkllSKSTFxSMFd4EGgxQXF5wnJaIlxCn4pOvRx4xVDYIf-o5s4U1Q_WLFpMHIs4hVPjstWSG1oqQoUSG5KLO4oFIhOSMzOTs1TyGpKDWxuAQApHS8pdkAAAA&sa=X&ved=2ahUKEwirhqytlOTtAhVGrFkKHYCbA-wQri4wI3oECBIQPw","Extra Crispy Chicken Breast","178 Grams","530","Cholesterol 105 mg35%","Sodium 1,150 mg47%","Total Fat 35 g53%","Saturated fat 6 g30%","Trans fat regulation 0 g","Total Carbohydrate 18 g6%","Dietary fiber 0 g0%","Sugar 0 g"
"1608728439-199","https://www.google.com/search?rlz=1C1CHBF_enUS905US905&ei=ebDgX67tB6yA5wLY27CICQ&q=kfc+menu+nutrition&oq=kfc+menu+n&gs_lcp=CgZwc3ktYWIQAxgAMgUIABCRAjIFCAAQyQMyBQgAEJIDMgIIADICCAAyAggAMgIIADICCAAyAggAMgIIADoECAAQRzoECAAQQzoICAAQsQMQgwE6CAgAELEDEMkDOggILhDHARCvAToLCAAQsQMQgwEQkQI6BwgAELEDEEM6BQgAELEDUOwOWNofYNInaABwAngAgAFyiAHLBJIBAzUuMpgBAKABAaoBB2d3cy13aXrIAQjAAQE&sclient=psy-ab","Mashed Potatoes110 to 130 Calories · Homestyle sides (individual)","https://www.google.com/search?rlz=1C1CHBF_enUS905US905&q=kfc+mashed+potatoes&stick=H4sIAAAAAAAAAONgFuLQz9U3sEwyK1Hi1U_XNzTMMjYwKM82MtBSzk620k_Lz0_Rz03NK40vKMovy0xJLbIC81LzSooyU4sfMZZwC7z8cU9YKnvSmpPXGFO5iNElZMXF5ppXkllSKSTFxSMFd4EGgxQXF5wnJaIlxCn4pOvRx4xVDYIf-o5s4U1Q_WLFpMHIs4hVODstWSE3sTgjNUWhIL8ksSQ_tRgAGz-wdM0AAAA&sa=X&ved=2ahUKEwirhqytlOTtAhVGrFkKHYCbA-wQri4wR3oFCBIQhwE","Mashed Potatoes","1 Side","110","Cholesterol 0 mg0%","Sodium 330 mg13%","null","Saturated fat","Trans fat regulation 0 g","Total Carbohydrate 17 g5%","Dietary fiber 1 g4%","Sugar 0 g"
"1608728435-197","https://www.google.com/search?rlz=1C1CHBF_enUS905US905&ei=ebDgX67tB6yA5wLY27CICQ&q=kfc+menu+nutrition&oq=kfc+menu+n&gs_lcp=CgZwc3ktYWIQAxgAMgUIABCRAjIFCAAQyQMyBQgAEJIDMgIIADICCAAyAggAMgIIADICCAAyAggAMgIIADoECAAQRzoECAAQQzoICAAQsQMQgwE6CAgAELEDEMkDOggILhDHARCvAToLCAAQsQMQgwEQkQI6BwgAELEDEEM6BQgAELEDUOwOWNofYNInaABwAngAgAFyiAHLBJIBAzUuMpgBAKABAaoBB2d3cy13aXrIAQjAAQE&sclient=psy-ab","Sweet Kernel Corn70 Calories · Homestyle sides (individual)","https://www.google.com/search?rlz=1C1CHBF_enUS905US905&q=kfc+sweet+kernel+corn&stick=H4sIAAAAAAAAAONgFuLQz9U3sEwyK1Hi1U_XNzTMsihISk8xitdSzk620k_Lz0_Rz03NK40vKMovy0xJLbIC81LzSooyU4sfMZZwC7z8cU9YKnvSmpPXGFO5iNElZMXF5ppXkllSKSTFxSMFd4EGgxQXF5wnJaIlxCn4pOvRx4xVDYIf-o5s4U1Q_WLFpMHIs4hVNDstWaG4PDW1RCE7tSgvNUchOb8oDwCTzdt9zwAAAA&sa=X&ved=2ahUKEwirhqytlOTtAhVGrFkKHYCbA-wQri4wSXoFCBIQiwE","Sweet Kernel Corn","1 Side","70","Cholesterol 0 mg0%","Sodium 0 mg0%","null","Saturated fat 0 g0%","Trans fat regulation 0 g","Total Carbohydrate 16 g5%","Dietary fiber 2 g8%","Sugar 2 g"
"1608728477-216","https://www.google.com/search?rlz=1C1CHBF_enUS905US905&ei=ebDgX67tB6yA5wLY27CICQ&q=kfc+menu+nutrition&oq=kfc+menu+n&gs_lcp=CgZwc3ktYWIQAxgAMgUIABCRAjIFCAAQyQMyBQgAEJIDMgIIADICCAAyAggAMgIIADICCAAyAggAMgIIADoECAAQRzoECAAQQzoICAAQsQMQgwE6CAgAELEDEMkDOggILhDHARCvAToLCAAQsQMQgwEQkQI6BwgAELEDEEM6BQgAELEDUOwOWNofYNInaABwAngAgAFyiAHLBJIBAzUuMpgBAKABAaoBB2d3cy13aXrIAQjAAQE&sclient=psy-ab","Nashville Hot Extra Crispy Chicken Whole Wing290 Calories · Nashville hot chicken","https://www.google.com/search?rlz=1C1CHBF_enUS905US905&q=kfc+nashville+hot+extra+crispy+chicken+whole+wing&stick=H4sIAAAAAAAAAONgFuLQz9U3sEwyK1Hi1U_XNzTMsihIKio0NdBSzk620k_Lz0_Rz03NK40vKMovy0xJLbIC81LzSooyU4sfMZZwC7z8cU9YKnvSmpPXGFO5iNElZMXF5ppXkllSKSTFxSMFd4EGgxQXF5wnJaIlxCn4pOvRx4xVDYIf-o5s4U1Q_WLFpMHIs4jVMDstWSEvsTijLDMnJ1UhI79EIbWipChRIbkos7igUiE5IzM5OzVPoTwjHyhdnpmXDgAQ28DP6wAAAA&sa=X&ved=2ahUKEwirhqytlOTtAhVGrFkKHYCbA-wQri4wNnoECBIQZQ","Nashville Hot Extra Crispy Chicken Whole Wing","64 Grams","290","Cholesterol 45 mg15%","Sodium 520 mg21%","Total Fat 25 g38%","Saturated fat 4 g20%","Trans fat regulation 0 g","Total Carbohydrate 6 g2%","Dietary fiber 1 g4%","Sugar 1 g"
"1608728479-217","https://www.google.com/search?rlz=1C1CHBF_enUS905US905&ei=ebDgX67tB6yA5wLY27CICQ&q=kfc+menu+nutrition&oq=kfc+menu+n&gs_lcp=CgZwc3ktYWIQAxgAMgUIABCRAjIFCAAQyQMyBQgAEJIDMgIIADICCAAyAggAMgIIADICCAAyAggAMgIIADoECAAQRzoECAAQQzoICAAQsQMQgwE6CAgAELEDEMkDOggILhDHARCvAToLCAAQsQMQgwEQkQI6BwgAELEDEEM6BQgAELEDUOwOWNofYNInaABwAngAgAFyiAHLBJIBAzUuMpgBAKABAaoBB2d3cy13aXrIAQjAAQE&sclient=psy-ab","Nashville Hot Spicy Crispy Chicken Thigh390 Calories · Nashville hot chicken","https://www.google.com/search?rlz=1C1CHBF_enUS905US905&q=kfc+nashville+hot+spicy+crispy+chicken+thigh&stick=H4sIAAAAAAAAAONgFuLQz9U3sEwyK1Hi1U_XNzTMsihIyjOyNNNSzk620k_Lz0_Rz03NK40vKMovy0xJLbIC81LzSooyU4sfMZZwC7z8cU9YKnvSmpPXGFO5iNElZMXF5ppXkllSKSTFxSMFd4EGgxQXF5wnJaIlxCn4pOvRx4xVDYIf-o5s4U1Q_WLFpMHIs4hVJzstWSEvsTijLDMnJ1UhI79EobggM7lSIbkos7gASGVkJmen5imUZGSmZwAA7fIV8OYAAAA&sa=X&ved=2ahUKEwirhqytlOTtAhVGrFkKHYCbA-wQri4wNXoECBIQYw","Nashville Hot Spicy Crispy Chicken Thigh","94 Grams","390","Cholesterol 65 mg21%","Sodium 900 mg37%","Total Fat 32 g49%","Saturated fat 6 g30%","Trans fat regulation 0 g","Total Carbohydrate 12 g4%","Dietary fiber 2 g8%","Sugar 1 g"
"1608728475-215","https://www.google.com/search?rlz=1C1CHBF_enUS905US905&ei=ebDgX67tB6yA5wLY27CICQ&q=kfc+menu+nutrition&oq=kfc+menu+n&gs_lcp=CgZwc3ktYWIQAxgAMgUIABCRAjIFCAAQyQMyBQgAEJIDMgIIADICCAAyAggAMgIIADICCAAyAggAMgIIADoECAAQRzoECAAQQzoICAAQsQMQgwE6CAgAELEDEMkDOggILhDHARCvAToLCAAQsQMQgwEQkQI6BwgAELEDEEM6BQgAELEDUOwOWNofYNInaABwAngAgAFyiAHLBJIBAzUuMpgBAKABAaoBB2d3cy13aXrIAQjAAQE&sclient=psy-ab","Nashville Hot Kentucky Grilled Chicken Breast260 Calories · Nashville hot chicken","https://www.google.com/search?rlz=1C1CHBF_enUS905US905&q=kfc+nashville+hot+kentucky+grilled+chicken+breast&stick=H4sIAAAAAAAAAONgFuLQz9U3sEwyK1Hi1U_XNzTMsihIys0oztNSzk620k_Lz0_Rz03NK40vKMovy0xJLbIC81LzSooyU4sfMZZwC7z8cU9YKnvSmpPXGFO5iNElZMXF5ppXkllSKSTFxSMFd4EGgxQXF5wnJaIlxCn4pOvRx4xVDYIf-o5s4U1Q_WLFpMHIs4jVMDstWSEvsTijLDMnJ1UhI79EIRtoemlydqVCehFILEUhOSMzGSiokFSUmlhcAgAH7j7A6wAAAA&sa=X&ved=2ahUKEwirhqytlOTtAhVGrFkKHYCbA-wQri4wN3oECBIQZw","Nashville Hot Kentucky Grilled Chicken Breast","138 Grams","260","Cholesterol 130 mg43%","Sodium 790 mg32%","Total Fat 12 g18%","Saturated fat 3 g15%","Trans fat regulation 0 g","Total Carbohydrate 1 g0%","Dietary fiber 0 g0%","Sugar 0 g"
"1608728457-207","https://www.google.com/search?rlz=1C1CHBF_enUS905US905&ei=ebDgX67tB6yA5wLY27CICQ&q=kfc+menu+nutrition&oq=kfc+menu+n&gs_lcp=CgZwc3ktYWIQAxgAMgUIABCRAjIFCAAQyQMyBQgAEJIDMgIIADICCAAyAggAMgIIADICCAAyAggAMgIIADoECAAQRzoECAAQQzoICAAQsQMQgwE6CAgAELEDEMkDOggILhDHARCvAToLCAAQsQMQgwEQkQI6BwgAELEDEEM6BQgAELEDUOwOWNofYNInaABwAngAgAFyiAHLBJIBAzUuMpgBAKABAaoBB2d3cy13aXrIAQjAAQE&sclient=psy-ab","Secret Recipe Fries320 Calories · Homestyle sides (individual)","https://www.google.com/search?rlz=1C1CHBF_enUS905US905&q=kfc+secret+recipe+fries&stick=H4sIAAAAAAAAAONgFuLQz9U3sEwyK1Hi1U_XNzQszDUzKS43rtRSzk620k_Lz0_Rz03NK40vKMovy0xJLbIC81LzSooyU4sfMZZwC7z8cU9YKnvSmpPXGFO5iNElZMXF5ppXkllSKSTFxSMFd4EGgxQXF5wnJaIlxCn4pOvRx4xVDYIf-o5s4U1Q_WLFpMHIs4hVPDstWaE4NbkotUShKDU5syBVIQ1kNAALknxA0QAAAA&sa=X&ved=2ahUKEwirhqytlOTtAhVGrFkKHYCbA-wQri4wP3oECBIQdw","Secret Recipe Fries","1 Side","320","Cholesterol 0 mg0%","Sodium 1,100 mg45%","Total Fat 15 g23%","Saturated fat 2 g10%","Trans fat regulation 0 g","Total Carbohydrate 41 g13%","Dietary fiber 3 g12%","Sugar 0 g"
"1608728419-190","https://www.google.com/search?rlz=1C1CHBF_enUS905US905&ei=ebDgX67tB6yA5wLY27CICQ&q=kfc+menu+nutrition&oq=kfc+menu+n&gs_lcp=CgZwc3ktYWIQAxgAMgUIABCRAjIFCAAQyQMyBQgAEJIDMgIIADICCAAyAggAMgIIADICCAAyAggAMgIIADoECAAQRzoECAAQQzoICAAQsQMQgwE6CAgAELEDEMkDOggILhDHARCvAToLCAAQsQMQgwEQkQI6BwgAELEDEEM6BQgAELEDUOwOWNofYNInaABwAngAgAFyiAHLBJIBAzUuMpgBAKABAaoBB2d3cy13aXrIAQjAAQE&sclient=psy-ab","KFC Famous Bowl270 to 740 Calories · Pot pie and bowls","https://www.google.com/search?rlz=1C1CHBF_enUS905US905&q=kfc+kfc+famous+bowl&stick=H4sIAAAAAAAAAONgFuLQz9U3sEwyK1Hi1U_XNzTMsihIsowvy9BSzk620k_Lz0_Rz03NK40vKMovy0xJLbIC81LzSooyU4sfMZZwC7z8cU9YKnvSmpPXGFO5iNElZMXF5ppXkllSKSTFxSMFd4EGgxQXF5wnJaIlxCn4pOvRx4xVDYIf-o5s4U1Q_WLFpMHIs4hVODstWQGE0xJz80uLFZLyy3MA2sSv9c0AAAA&sa=X&ved=2ahUKEwirhqytlOTtAhVGrFkKHYCbA-wQri4wUHoFCBIQmQE","KFC Famous Bowl","1 Bowl","740","Cholesterol 45 mg15%","Sodium 2,350 mg97%","Total Fat 35 g53%","Saturated fat 6 g30%","Trans fat regulation 0 g","Total Carbohydrate 81 g27%","Dietary fiber 6 g24%","Sugar 2 g"
"1608728430-195","https://www.google.com/search?rlz=1C1CHBF_enUS905US905&ei=ebDgX67tB6yA5wLY27CICQ&q=kfc+menu+nutrition&oq=kfc+menu+n&gs_lcp=CgZwc3ktYWIQAxgAMgUIABCRAjIFCAAQyQMyBQgAEJIDMgIIADICCAAyAggAMgIIADICCAAyAggAMgIIADoECAAQRzoECAAQQzoICAAQsQMQgwE6CAgAELEDEMkDOggILhDHARCvAToLCAAQsQMQgwEQkQI6BwgAELEDEEM6BQgAELEDUOwOWNofYNInaABwAngAgAFyiAHLBJIBAzUuMpgBAKABAaoBB2d3cy13aXrIAQjAAQE&sclient=psy-ab","Mashed Potatoes With Gravy590 Calories · Homestyle sides (family)","https://www.google.com/search?rlz=1C1CHBF_enUS905US905&q=kfc+mashed+potatoes+with+gravy&stick=H4sIAAAAAAAAAONgFuLQz9U3sEwyK1Hi1U_XNzRMKy40TTEzrdBSzk620k_Lz0_Rz03NK40vKMovy0xJLbIC81LzSooyU4sfMZZwC7z8cU9YKnvSmpPXGFO5iNElZMXF5ppXkllSKSTFxSMFd4EGgxQXF5wnJaIlxCn4pOvRx4xVDYIf-o5s4U1Q_WLFpMHIs4hVLjstWSE3sTgjNUWhIL8ksSQ_tVihPLMkQyG9KLGsEgAdwqa22AAAAA&sa=X&ved=2ahUKEwirhqytlOTtAhVGrFkKHYCbA-wQri4wS3oFCBIQjwE","Mashed Potatoes With Gravy","1 Family Side","590","Cholesterol 0 mg0%","Sodium 2,590 mg107%","Total Fat 21 g32%","Saturated fat 5 g25%","Trans fat regulation 0 g","Total Carbohydrate 88 g29%","Dietary fiber 6 g24%","Sugar 1 g"
"1608728432-196","https://www.google.com/search?rlz=1C1CHBF_enUS905US905&ei=ebDgX67tB6yA5wLY27CICQ&q=kfc+menu+nutrition&oq=kfc+menu+n&gs_lcp=CgZwc3ktYWIQAxgAMgUIABCRAjIFCAAQyQMyBQgAEJIDMgIIADICCAAyAggAMgIIADICCAAyAggAMgIIADoECAAQRzoECAAQQzoICAAQsQMQgwE6CAgAELEDEMkDOggILhDHARCvAToLCAAQsQMQgwEQkQI6BwgAELEDEEM6BQgAELEDUOwOWNofYNInaABwAngAgAFyiAHLBJIBAzUuMpgBAKABAaoBB2d3cy13aXrIAQjAAQE&sclient=psy-ab","Green Beans25 Calories · Homestyle sides (individual)","https://www.google.com/search?rlz=1C1CHBF_enUS905US905&q=kfc+green+beans&stick=H4sIAAAAAAAAAONgFuLQz9U3sEwyK1Hi1U_XNzRMKy40NUnKS9dSzk620k_Lz0_Rz03NK40vKMovy0xJLbIC81LzSooyU4sfMZZwC7z8cU9YKnvSmpPXGFO5iNElZMXF5ppXkllSKSTFxSMFd4EGgxQXF5wnJaIlxCn4pOvRx4xVDYIf-o5s4U1Q_WLFpMHIs4iVPzstWSG9KDU1TyEpNTGvGAAUUebsyQAAAA&sa=X&ved=2ahUKEwirhqytlOTtAhVGrFkKHYCbA-wQri4wSnoFCBIQjQE","Green Beans","1 Side","25","Cholesterol 0 mg0%","Sodium 300 mg12%","Total Fat 0 g0%","Saturated fat 0 g0%","Trans fat regulation 0 g","Total Carbohydrate 5 g1%","Dietary fiber 3 g12%","Sugar 1 g"
"1608728517-234","https://www.google.com/search?rlz=1C1CHBF_enUS905US905&ei=ebDgX67tB6yA5wLY27CICQ&q=kfc+menu+nutrition&oq=kfc+menu+n&gs_lcp=CgZwc3ktYWIQAxgAMgUIABCRAjIFCAAQyQMyBQgAEJIDMgIIADICCAAyAggAMgIIADICCAAyAggAMgIIADoECAAQRzoECAAQQzoICAAQsQMQgwE6CAgAELEDEMkDOggILhDHARCvAToLCAAQsQMQgwEQkQI6BwgAELEDEEM6BQgAELEDUOwOWNofYNInaABwAngAgAFyiAHLBJIBAzUuMpgBAKABAaoBB2d3cy13aXrIAQjAAQE&sclient=psy-ab","Extra Crispy Chicken Thigh330 Calories · Extra crispy chicken","https://www.google.com/search?rlz=1C1CHBF_enUS905US905&q=kfc+extra+crispy+chicken+thigh&stick=H4sIAAAAAAAAAONgFuLQz9U3sEwyK1Hi1U_XNzTMsihIKqk0LtJSzk620k_Lz0_Rz03NK40vKMovy0xJLbIC81LzSooyU4sfMZZwC7z8cU9YKnvSmpPXGFO5iNElZMXF5ppXkllSKSTFxSMFd4EGgxQXF5wnJaIlxCn4pOvRx4xVDYIf-o5s4U1Q_WLFpMHIs4hVLjstWSG1oqQoUSG5KLO4oFIhOSMzOTs1T6EkIzM9AwAELgaC2AAAAA&sa=X&ved=2ahUKEwirhqytlOTtAhVGrFkKHYCbA-wQri4wJHoECBIQQQ","Extra Crispy Chicken Thigh","112 Grams","330","Cholesterol 100 mg33%","Sodium 700 mg29%","Total Fat 23 g35%","null","Trans fat regulation 0 g","Total Carbohydrate 9 g3%","Dietary fiber 0 g0%","Sugar 0 g"
"1608728428-194","https://www.google.com/search?rlz=1C1CHBF_enUS905US905&ei=ebDgX67tB6yA5wLY27CICQ&q=kfc+menu+nutrition&oq=kfc+menu+n&gs_lcp=CgZwc3ktYWIQAxgAMgUIABCRAjIFCAAQyQMyBQgAEJIDMgIIADICCAAyAggAMgIIADICCAAyAggAMgIIADoECAAQRzoECAAQQzoICAAQsQMQgwE6CAgAELEDEMkDOggILhDHARCvAToLCAAQsQMQgwEQkQI6BwgAELEDEEM6BQgAELEDUOwOWNofYNInaABwAngAgAFyiAHLBJIBAzUuMpgBAKABAaoBB2d3cy13aXrIAQjAAQE&sclient=psy-ab","Crispy Twister630 Calories · Sandwiches","https://www.google.com/search?rlz=1C1CHBF_enUS905US905&q=kfc+crispy+twister&stick=H4sIAAAAAAAAAONgFuLQz9U3sEwyK1Hi1U_XNzRMKy40tcwoqtRSzk620k_Lz0_Rz03NK40vKMovy0xJLbIC81LzSooyU4sfMZZwC7z8cU9YKnvSmpPXGFO5iNElZMXF5ppXkllSKSTFxSMFd4EGgxQXF5wnJaIlxCn4pOvRx4xVDYIf-o5s4U1Q_WLFpMHIs4hVKDstWSG5KLO4oFKhpDyzuCS1CABATU-pzAAAAA&sa=X&ved=2ahUKEwirhqytlOTtAhVGrFkKHYCbA-wQri4wTHoFCBIQkQE","Crispy Twister","1 Sandwich","630","Cholesterol 70 mg23%","Sodium 1,260 mg52%","Total Fat 34 g52%","Saturated fat 7 g35%","Trans fat regulation 0 g","Total Carbohydrate 53 g17%","Dietary fiber 4 g16%","Sugar 3 g"
"1608728515-233","https://www.google.com/search?rlz=1C1CHBF_enUS905US905&ei=ebDgX67tB6yA5wLY27CICQ&q=kfc+menu+nutrition&oq=kfc+menu+n&gs_lcp=CgZwc3ktYWIQAxgAMgUIABCRAjIFCAAQyQMyBQgAEJIDMgIIADICCAAyAggAMgIIADICCAAyAggAMgIIADoECAAQRzoECAAQQzoICAAQsQMQgwE6CAgAELEDEMkDOggILhDHARCvAToLCAAQsQMQgwEQkQI6BwgAELEDEEM6BQgAELEDUOwOWNofYNInaABwAngAgAFyiAHLBJIBAzUuMpgBAKABAaoBB2d3cy13aXrIAQjAAQE&sclient=psy-ab","Extra Crispy Chicken Drumstick170 Calories · Extra crispy chicken","https://www.google.com/search?rlz=1C1CHBF_enUS905US905&q=kfc+extra+crispy+chicken+drumstick&stick=H4sIAAAAAAAAAONgFuLQz9U3sEwyK1Hi1U_XNzTMMjYwNLSszNJSzk620k_Lz0_Rz03NK40vKMovy0xJLbIC81LzSooyU4sfMZZwC7z8cU9YKnvSmpPXGFO5iNElZMXF5ppXkllSKSTFxSMFd4EGgxQXF5wnJaIlxCn4pOvRx4xVDYIf-o5s4U1Q_WLFpMHIs4hVKTstWSG1oqQoUSG5KLO4oFIhOSMzOTs1TyGlqDS3uATIBgDhag5h3AAAAA&sa=X&ved=2ahUKEwirhqytlOTtAhVGrFkKHYCbA-wQri4wJXoECBIQQw","Extra Crispy Chicken Drumstick","55 Grams","170","Cholesterol 50 mg16%","Sodium 390 mg16%","Total Fat 12 g18%","Saturated fat 2 g10%","Trans fat regulation 0 g","Total Carbohydrate 5 g1%","Dietary fiber 0 g0%","Sugar 0 g"
"1608728426-193","https://www.google.com/search?rlz=1C1CHBF_enUS905US905&ei=ebDgX67tB6yA5wLY27CICQ&q=kfc+menu+nutrition&oq=kfc+menu+n&gs_lcp=CgZwc3ktYWIQAxgAMgUIABCRAjIFCAAQyQMyBQgAEJIDMgIIADICCAAyAggAMgIIADICCAAyAggAMgIIADoECAAQRzoECAAQQzoICAAQsQMQgwE6CAgAELEDEMkDOggILhDHARCvAToLCAAQsQMQgwEQkQI6BwgAELEDEEM6BQgAELEDUOwOWNofYNInaABwAngAgAFyiAHLBJIBAzUuMpgBAKABAaoBB2d3cy13aXrIAQjAAQE&sclient=psy-ab","Crispy Colonel's Sandwich470 to 540 Calories · Sandwiches","https://www.google.com/search?rlz=1C1CHBF_enUS905US905&q=kfc+crispy+colonel%27s+sandwich&stick=H4sIAAAAAAAAAONgFuLQz9U3sEwyK1Hi1U_XNzTMMjYqM0oqMdJSzk620k_Lz0_Rz03NK40vKMovy0xJLbIC81LzSooyU4sfMZZwC7z8cU9YKnvSmpPXGFO5iNElZMXF5ppXkllSKSTFxSMFd4EGgxQXF5wnJaIlxCn4pOvRx4xVDYIf-o5s4U1Q_WLFpMHIs4hVNjstWSG5KLO4oFIhOT8nPy81R71YoTgxL6U8MzkDAFfW8SnXAAAA&sa=X&ved=2ahUKEwirhqytlOTtAhVGrFkKHYCbA-wQri4wTXoFCBIQkwE","Crispy Colonel's Sandwich","1 Sandwich","500","Cholesterol 60 mg20%","Sodium 1,500 mg62%","Total Fat 27 g41%","Saturated fat 4 g20%","Trans fat regulation 0 g","Total Carbohydrate 39 g13%","Dietary fiber 1 g4%","Sugar 4 g"
"1608728466-211","https://www.google.com/search?rlz=1C1CHBF_enUS905US905&ei=ebDgX67tB6yA5wLY27CICQ&q=kfc+menu+nutrition&oq=kfc+menu+n&gs_lcp=CgZwc3ktYWIQAxgAMgUIABCRAjIFCAAQyQMyBQgAEJIDMgIIADICCAAyAggAMgIIADICCAAyAggAMgIIADoECAAQRzoECAAQQzoICAAQsQMQgwE6CAgAELEDEMkDOggILhDHARCvAToLCAAQsQMQgwEQkQI6BwgAELEDEEM6BQgAELEDUOwOWNofYNInaABwAngAgAFyiAHLBJIBAzUuMpgBAKABAaoBB2d3cy13aXrIAQjAAQE&sclient=psy-ab","Nashville Hot Spicy Crispy Chicken Whole Wing180 Calories · Nashville hot chicken","https://www.google.com/search?rlz=1C1CHBF_enUS905US905&q=kfc+nashville+hot+spicy+crispy+chicken+whole+wing&stick=H4sIAAAAAAAAAONgFuLQz9U3sEwyK1Hi1U_XNzTMMjYwNM0tKtBSzk620k_Lz0_Rz03NK40vKMovy0xJLbIC81LzSooyU4sfMZZwC7z8cU9YKnvSmpPXGFO5iNElZMXF5ppXkllSKSTFxSMFd4EGgxQXF5wnJaIlxCn4pOvRx4xVDYIf-o5s4U1Q_WLFpMHIs4jVMDstWSEvsTijLDMnJ1UhI79EobggM7lSIbkos7gASGVkJmen5imUZ-QDpcsz89IBbPGSWOsAAAA&sa=X&ved=2ahUKEwirhqytlOTtAhVGrFkKHYCbA-wQri4wO3oECBIQbw","Nashville Hot Spicy Crispy Chicken Whole Wing","43 Grams","180","Cholesterol 35 mg11%","Sodium 450 mg18%","Total Fat 15 g23%","null","Trans fat regulation 0 g","Total Carbohydrate 5 g1%","Dietary fiber 1 g4%","Sugar 0 g"
"1608728455-206","https://www.google.com/search?rlz=1C1CHBF_enUS905US905&ei=ebDgX67tB6yA5wLY27CICQ&q=kfc+menu+nutrition&oq=kfc+menu+n&gs_lcp=CgZwc3ktYWIQAxgAMgUIABCRAjIFCAAQyQMyBQgAEJIDMgIIADICCAAyAggAMgIIADICCAAyAggAMgIIADoECAAQRzoECAAQQzoICAAQsQMQgwE6CAgAELEDEMkDOggILhDHARCvAToLCAAQsQMQgwEQkQI6BwgAELEDEEM6BQgAELEDUOwOWNofYNInaABwAngAgAFyiAHLBJIBAzUuMpgBAKABAaoBB2d3cy13aXrIAQjAAQE&sclient=psy-ab","Potato Wedges270 Calories · Homestyle sides (individual)","https://www.google.com/search?rlz=1C1CHBF_enUS905US905&q=kfc+potato+wedges&stick=H4sIAAAAAAAAAONgFuLQz9U3sEwyK1Hi1U_XNzTMsihIKqooNNVSzk620k_Lz0_Rz03NK40vKMovy0xJLbIC81LzSooyU4sfMZZwC7z8cU9YKnvSmpPXGFO5iNElZMXF5ppXkllSKSTFxSMFd4EGgxQXF5wnJaIlxCn4pOvRx4xVDYIf-o5s4U1Q_WLFpMHIs4hVMDstWaEgvySxJF-hPDUlPbUYANh_5IjLAAAA&sa=X&ved=2ahUKEwirhqytlOTtAhVGrFkKHYCbA-wQri4wQHoECBIQeQ","Potato Wedges","1 Side","270","Cholesterol 0 mg0%","Sodium 700 mg29%","Total Fat 13 g20%","null","Trans fat regulation 0 g","Total Carbohydrate 34 g11%","Dietary fiber 3 g12%","Sugar 0 g"
